path,current_classification,suggested_classification,category,brand,model,signal_count,command_names_preview,protocols_count,addresses_count,reasons,human_label,human_notes
Consoles/PlayStation/PlayStation_2.ir,specific_device,specific_device,game_console,PlayStation,PlayStation_2,51,"[""POWER"",""Enter"",""Left"",""Right"",""Up"",""Down"",""Play"",""Pause"",""Stop"",""Previous"",""Next"",""Eject""]",1,2,"[""categoria normalizada com confiança 0.99"",""conjunto interno coerente com 51 comandos"",""marca com confiança 0.97"",""modelo conservador com confiança 0.72""]",,
DVD_Players/Unknown_Brand/Dvd_tv_player_2.ir,specific_device,specific_device,dvd_player,Unknown_Brand,Dvd_tv_player_2,47,"[""Open Close"",""Standby"",""Angle"",""Display"",""Prog"",""P n"",""Search"",""PBC"",""Subtitle"",""Audio"",""Channel"",""Step""]",1,1,"[""categoria normalizada com confiança 0.99"",""conjunto interno coerente com 47 comandos"",""marca com confiança 0.97"",""modelo conservador com confiança 0.72""]",,
LED_Lighting/PixMob/PixMob_all_colors.ir,specific_device,device_family,led_strip,PixMob,,74,"[""RED"",""RED_2"",""RED_3"",""RED_4"",""RED_5"",""DIM_RED"",""DIM_RED_2"",""GRN"",""GRN_2"",""GRN_3"",""GRN_4"",""GRN_5""]",0,0,"[""dados técnicos insuficientes"",""marca e categoria conhecidas, sem modelo específico confiável""]",,
LED_Lighting/PixMob/PixMob_main.ir,device_family,device_family,led_strip,PixMob,,84,"[""RED"",""RED_FD_1"",""RED_FD_2"",""RED_FD_3"",""RED_FD_4"",""RED_FD_5"",""RED_FD_6"",""GRN"",""GRN_FD_1"",""GRN_FD_2"",""GRN_FD_3"",""GRN_FD_4""]",0,0,"[""dados técnicos insuficientes"",""marca e categoria conhecidas, sem modelo específico confiável""]",,
LED_Lighting/PixMob/PixMob_special.ir,device_family,brute_force,led_strip,PixMob,,161,"[""OLD_RAINBOW_MOTION"",""OLD_GREEN_MOTION"",""OLD_TURQUOISE_MOTION"",""OLD_TURQUOISE_MOTION_2"",""OLD_TURQUOISE_MOTION_3"",""FAST_WHITE"",""SLOW_WHITE"",""SLOW_YELLOW"",""SLOW_ORANGE"",""SLOW_TURQUOISE"",""SLOW_GREEN"",""SLOW_YELLOW_2""]",0,0,"[""80 comandos compartilham prefixo textual"",""conjunto muito grande: 161 sinais"",""nenhum modelo confiável"",""sequências numeradas por intenção: weird (80), old_green_blink (6), new_random_color_sometimes (7)""]",,
LED_Lighting/Unknown/44_LED_Strip.ir,specific_device,specific_device,led_strip,Unknown,44_LED_Strip,44,"[""Power"",""Step"",""Brighter"",""Dimmer"",""Red"",""Green"",""Blue"",""White"",""Red_1"",""Red_2"",""Red_3"",""Green_1""]",1,1,"[""categoria normalizada com confiança 0.99"",""conjunto interno coerente com 44 comandos"",""marca com confiança 0.70"",""modelo conservador com confiança 0.72""]",,
LED_Lighting/Unknown/LEDStrip.ir,device_family,brute_force,led_strip,Unknown,,256,"[""1"",""2"",""3"",""4"",""5"",""6"",""7"",""8"",""9"",""10"",""11"",""12""]",1,1,"[""256 comandos compartilham prefixo textual"",""conjunto muito grande: 256 sinais"",""nenhum modelo confiável"",""sequências numeradas por intenção: 1 (100), 2 (57), 3 (10)""]",,
Miscellaneous/Chunghop/RM_88E_Universal.ir,specific_device,universal_remote,,Chunghop,RM_88E_Universal,39,"[""POWER"",""SYSTEM"",""NICAM"",""STA"",""SLEEP"",""1"",""2"",""3"",""4"",""5"",""6"",""7""]",1,2,"[""indicador explícito de universalidade: universal"",""volume/diversidade reforça o indicador universal""]",,
SoundBars/Yarra/Yarra_3DX.ir,specific_device,malformed,soundbar,Yarra,3DX,18,"[""Power"",""Bt"",""Mute"",""Source"",""Distance"",""Ppl"",""Sub_up"",""Sub_dn"",""Bass_boost"",""Preset"",""Vol_up"",""Vol_dn""]",1,1,"[""1 problema(s) de parsing""]",,
TVs/Hitachi/Hitachi_49141.ir,specific_device,specific_device,tv,Hitachi,Hitachi_49141,48,"[""Power"",""Vol_up"",""Vol_down"",""Ch_up"",""Ch_down"",""Mute"",""Source"",""Last_ch"",""Menu"",""Back"",""Exit"",""Qmenu""]",1,1,"[""categoria normalizada com confiança 0.99"",""conjunto interno coerente com 48 comandos"",""marca com confiança 0.97"",""modelo conservador com confiança 0.72""]",,
TVs/Philips/Philips_TV_Universal.ir,specific_device,universal_remote,tv,Philips,,46,"[""Power"",""Stop"",""Pause"",""Record"",""Vid_back"",""Play"",""Vid_forward"",""Ambilight"",""List"",""Settings"",""Tv_guide"",""Search""]",1,1,"[""indicador explícito de universalidade: universal"",""nenhum modelo específico"",""volume/diversidade reforça o indicador universal""]",,
Universal_TV_Remotes/One_For_All/OFA_8_Universal_Remote.ir,specific_device,universal_remote,tv,One_For_All,OFA_8_Universal_Remote,16,"[""POWER"",""VOL+"",""VOL-"",""MUTE"",""CH+"",""CH-"",""MENU"",""UP"",""LEFT"",""RIGHT"",""DOWN"",""OK""]",1,1,"[""indicador explícito de universalidade: universal, universal remote"",""modelo plausível exige revisão do marcador universal""]",,
Universal_TV_Remotes/RemotesReplaced/RemotesReplaced_RRS41.ir,specific_device,universal_remote,tv,RemotesReplaced,RRS41,39,"[""Power"",""Mute"",""Menu"",""Exit"",""1"",""2"",""3"",""4"",""5"",""6"",""7"",""8""]",1,1,"[""indicador explícito de universalidade: universal"",""volume/diversidade reforça o indicador universal""]",,
Universal_TV_Remotes/User_Created/UniversalSamsungFF.ir,specific_device,universal_remote,tv,User_Created,,39,"[""Power"",""Hub/Source"",""Hub/Home"",""VolumeUP"",""VolumeDown"",""Mute"",""Select/OK"",""UP"",""Down"",""Right"",""Left"",""Back""]",1,1,"[""3 comandos numerados reforçam a estrutura universal"",""indicador explícito de universalidade: universal"",""nenhum modelo específico"",""volume/diversidade reforça o indicador universal""]",,
_Converted_/CSV/A/Adcom/Pre-Amplifier/26_-1.ir,device_family,brute_force,,Adcom,,181,"[""CD_SKIP_FWD_>>"",""CD_SKIP_>>"",""SKIP_>>"",""CD_SKIP_REV_<<"",""CD_SKIP_<<"",""SKIP_<<"",""RDS"",""SELECT"",""CD_STOP_[]"",""STOP"",""STOP"",""CD_PLAY_>""]",1,1,"[""24 comandos compartilham prefixo textual"",""conjunto muito grande: 181 sinais"",""nenhum modelo confiável"",""sequências numeradas por intenção: cd (10), cd_disc (5), d (9)""]",,
_Converted_/CSV/A/Arcam/DVD_Player/25_-1.ir,device_family,brute_force,dvd_player,Arcam,,222,"[""0"",""0A"",""1"",""1A"",""TRACK_1"",""2"",""2A"",""TRACK_2"",""3"",""3A"",""TRACK_3"",""4""]",1,1,"[""25 comandos compartilham prefixo textual"",""conjunto muito grande: 222 sinais"",""nenhum modelo confiável"",""sequências numeradas por intenção: track (25)""]",,
_Converted_/CSV/A/Arcam/Receiver/16_-1.ir,device_family,device_family,receiver,Arcam,,206,"[""SAT_A"",""SAT_B"",""SAT"",""SAT_INPUT"",""2_SAT"",""SELECT_SAT"",""5:1"",""AV"",""AV_INPUT"",""8_AV"",""SELECT_AV"",""TUNER_A""]",1,1,"[""dados técnicos observados em 1 protocolo(s)"",""marca e categoria conhecidas, sem modelo específico confiável""]",,
_Converted_/CSV/B/BnK_Components/6-Zone_Receiver/11_79.ir,specific_device,specific_device,receiver,BnK_Components,6-Zone_Receiver,54,"[""OFF"",""POWER"",""MUTE"",""IN_1"",""IN_3"",""IN_8"",""IN_2"",""IN_7"",""IN_4"",""IN_5"",""STA_-"",""STA_+""]",1,1,"[""categoria normalizada com confiança 0.68"",""conjunto interno coerente com 54 comandos"",""marca com confiança 0.97"",""modelo conservador com confiança 0.68""]",,
_Converted_/CSV/B/BnK_Components/6-Zone_Receiver/123_72.ir,specific_device,specific_device,receiver,BnK_Components,6-Zone_Receiver,54,"[""OFF"",""POWER"",""MUTE"",""IN_1"",""IN_3"",""IN_8"",""IN_2"",""IN_7"",""IN_4"",""IN_5"",""STA_DN"",""STA_UP""]",1,1,"[""categoria normalizada com confiança 0.68"",""conjunto interno coerente com 54 comandos"",""marca com confiança 0.97"",""modelo conservador com confiança 0.68""]",,
_Converted_/CSV/B/BnK_Components/6-Zone_Receiver/139_71.ir,specific_device,specific_device,receiver,BnK_Components,6-Zone_Receiver,55,"[""OFF"",""POWER"",""MUTE"",""IN_1"",""IN_3"",""Unknown"",""IN_8"",""IN_2"",""IN_7"",""IN_4"",""IN_5"",""STA_-""]",1,1,"[""categoria normalizada com confiança 0.68"",""conjunto interno coerente com 55 comandos"",""marca com confiança 0.97"",""modelo conservador com confiança 0.68""]",,
_Converted_/CSV/B/BnK_Components/6-Zone_Receiver/187_-1.ir,specific_device,specific_device,receiver,BnK_Components,6-Zone_Receiver,54,"[""OFF"",""POWER"",""MUTE"",""IN_1"",""IN_3"",""IN_8"",""IN_2"",""IN_7"",""IN_4"",""IN_5"",""STA_DN"",""STA_UP""]",1,1,"[""categoria normalizada com confiança 0.68"",""conjunto interno coerente com 54 comandos"",""marca com confiança 0.97"",""modelo conservador com confiança 0.68""]",,
_Converted_/CSV/B/BnK_Components/6-Zone_Receiver/203_67.ir,specific_device,specific_device,receiver,BnK_Components,6-Zone_Receiver,54,"[""OFF"",""POWER"",""MUTE"",""IN_1"",""IN_3"",""IN_8"",""IN_2"",""IN_7"",""IN_4"",""IN_5"",""STA_-"",""STA_+""]",1,1,"[""categoria normalizada com confiança 0.68"",""conjunto interno coerente com 54 comandos"",""marca com confiança 0.97"",""modelo conservador com confiança 0.68""]",,
_Converted_/CSV/B/BnK_Components/6-Zone_Receiver/219_66.ir,specific_device,specific_device,receiver,BnK_Components,6-Zone_Receiver,54,"[""OFF"",""POWER"",""MUTE"",""IN_1"",""IN_3"",""IN_8"",""IN_2"",""IN_7"",""IN_4"",""IN_5"",""STA_DN"",""STA_UP""]",1,1,"[""categoria normalizada com confiança 0.68"",""conjunto interno coerente com 54 comandos"",""marca com confiança 0.97"",""modelo conservador com confiança 0.68""]",,
_Converted_/CSV/B/BnK_Components/6-Zone_Receiver/243_192.ir,specific_device,specific_device,receiver,BnK_Components,6-Zone_Receiver,76,"[""OFF"",""Unknown"",""POWER"",""Unknown"",""MUTE"",""IN_1"",""Unknown"",""IN_3"",""IN_8"",""IN_2"",""Unknown"",""IN_7""]",1,1,"[""categoria normalizada com confiança 0.68"",""conjunto interno coerente com 76 comandos"",""marca com confiança 0.97"",""modelo conservador com confiança 0.68""]",,
_Converted_/CSV/B/BnK_Components/6-Zone_Receiver/251_64.ir,specific_device,specific_device,receiver,BnK_Components,6-Zone_Receiver,54,"[""OFF"",""POWER"",""MUTE"",""IN_1"",""IN_3"",""IN_8"",""IN_2"",""IN_7"",""IN_4"",""IN_5"",""STA_DN"",""STA_UP""]",1,1,"[""categoria normalizada com confiança 0.68"",""conjunto interno coerente com 54 comandos"",""marca com confiança 0.97"",""modelo conservador com confiança 0.68""]",,
_Converted_/CSV/B/BnK_Components/6-Zone_Receiver/27_78.ir,specific_device,specific_device,receiver,BnK_Components,6-Zone_Receiver,64,"[""OFF"",""POWER"",""MUTE"",""IN_1"",""IN_3"",""IN_8"",""IN_2"",""IN_7"",""IN_4"",""IN_5"",""STA_-"",""STA_+""]",1,1,"[""categoria normalizada com confiança 0.68"",""conjunto interno coerente com 64 comandos"",""marca com confiança 0.97"",""modelo conservador com confiança 0.68""]",,
_Converted_/CSV/B/BnK_Components/6-Zone_Receiver/43_77.ir,specific_device,specific_device,receiver,BnK_Components,6-Zone_Receiver,54,"[""OFF"",""POWER"",""MUTE"",""IN_1"",""IN_3"",""IN_8"",""IN_2"",""IN_7"",""IN_4"",""IN_5"",""STA_-"",""STA_+""]",1,1,"[""categoria normalizada com confiança 0.68"",""conjunto interno coerente com 54 comandos"",""marca com confiança 0.97"",""modelo conservador com confiança 0.68""]",,
_Converted_/CSV/B/BnK_Components/6-Zone_Receiver/59_76.ir,specific_device,specific_device,receiver,BnK_Components,6-Zone_Receiver,50,"[""OFF"",""POWER"",""MUTE"",""IN_1"",""IN_3"",""IN_8"",""IN_2"",""IN_7"",""IN_4"",""IN_5"",""STA_DN"",""STA_UP""]",1,1,"[""categoria normalizada com confiança 0.68"",""conjunto interno coerente com 50 comandos"",""marca com confiança 0.97"",""modelo conservador com confiança 0.68""]",,
_Converted_/CSV/B/BnK_Components/6-Zone_Receiver/75_75.ir,specific_device,specific_device,receiver,BnK_Components,6-Zone_Receiver,54,"[""OFF"",""POWER"",""MUTE"",""IN_1"",""IN_3"",""IN_8"",""IN_2"",""IN_7"",""IN_4"",""IN_5"",""STA_-"",""STA_+""]",1,1,"[""categoria normalizada com confiança 0.68"",""conjunto interno coerente com 54 comandos"",""marca com confiança 0.97"",""modelo conservador com confiança 0.68""]",,
_Converted_/CSV/B/BnK_Components/6-Zone_Receiver/91_74.ir,specific_device,specific_device,receiver,BnK_Components,6-Zone_Receiver,54,"[""OFF"",""POWER"",""MUTE"",""IN_1"",""IN_3"",""IN_8"",""IN_2"",""IN_7"",""IN_4"",""IN_5"",""STA_DN"",""STA_UP""]",1,1,"[""categoria normalizada com confiança 0.68"",""conjunto interno coerente com 54 comandos"",""marca com confiança 0.97"",""modelo conservador com confiança 0.68""]",,
_Converted_/CSV/B/BnK_Components/Pre-Amplifier/27_78.ir,device_family,brute_force,,BnK_Components,,308,"[""OFF"",""POWER_OFF"",""POWER_OFF"",""Z2_OFF"",""POWER_OFF"",""BK001_POWER_OFF"",""POWER"",""POWER_ON"",""POWER_ON"",""Z2_ON"",""BK001_POWER_ON"",""MUTE""]",1,1,"[""14 comandos compartilham prefixo textual"",""conjunto muito grande: 308 sinais"",""nenhum modelo confiável"",""sequências numeradas por intenção: source_in (14), number (10), bk001_number (10)""]",,
_Converted_/CSV/B/BnK_Components/Receiver/27_78.ir,device_family,brute_force,receiver,BnK_Components,,294,"[""POWER_OFF"",""BK001_POWER_OFF"",""POWER_OFF"",""POWER_ON"",""POWER_ON"",""BK001_POWER_ON"",""POWER_ON"",""MUTE"",""00_MUTE"",""BK001_MUTE"",""V1"",""V_1""]",1,1,"[""14 comandos compartilham prefixo textual"",""conjunto muito grande: 294 sinais"",""nenhum modelo confiável"",""sequências numeradas por intenção: v (2), source_in (14), bk001_number (10)""]",,
_Converted_/CSV/B/Bose/Lifestyle/186_160.ir,device_family,unknown,,Bose,,151,"[""MUTE"",""MUTE_TOGGLE"",""MUTE"",""MUTE_TOGGLE"",""VOLYM_-"",""VOL-"",""VOL-"",""VOLUME_DOWN"",""VOLYM_+"",""VOL+"",""VOL+"",""VOLUME_UP""]",1,1,"[""identidade ou evidência técnica insuficiente para classe mais específica""]",,
_Converted_/CSV/B/Bose/Receiver/186_75.ir,device_family,device_family,receiver,Bose,,134,"[""MUTE"",""MUTE"",""VOL-"",""VOL_-"",""VOL+"",""VOL_+"",""INPUT_-_AM"",""INP_-_AMFM"",""AM/FM"",""IPOD"",""USB"",""FRONT_HDMI""]",1,1,"[""dados técnicos observados em 1 protocolo(s)"",""marca e categoria conhecidas, sem modelo específico confiável""]",,
_Converted_/CSV/C/Classe_Audio/Surround_Processor/116_-1.ir,device_family,unknown,,Classe_Audio,,174,"[""TAPE_MON_TOGGLE_T0"",""TAPE_MON_TOGGLE_T1"",""INPUT1_T0"",""INPUT1_T1"",""INPUT2_T0"",""INPUT2_T1"",""INPUT3_T0"",""INPUT3_T1"",""INPUT4_T0"",""INPUT4_T1"",""INPUT5_T0"",""INPUT5_T1""]",1,1,"[""identidade ou evidência técnica insuficiente para classe mais específica""]",,
_Converted_/CSV/C/Classe_Audio/Surround_Sound/116_-1.ir,device_family,unknown,,Classe_Audio,,174,"[""TAPE_MON_TOGGLE_T0"",""TAPE_MON_TOGGLE_T1"",""INPUT1_T0"",""INPUT1_T1"",""INPUT2_T0"",""INPUT2_T1"",""INPUT3_T0"",""INPUT3_T1"",""INPUT4_T0"",""INPUT4_T1"",""INPUT5_T0"",""INPUT5_T1""]",1,1,"[""identidade ou evidência técnica insuficiente para classe mais específica""]",,
_Converted_/CSV/C/Crestron/IR_Receiver/0_-1.ir,specific_device,brute_force,receiver,Crestron,,64,"[""BTN01"",""BTN02"",""BTN03"",""BTN04"",""BTN05"",""BTN06"",""BTN07"",""BTN08"",""BTN09"",""BTN10"",""BTN11"",""BTN12""]",1,1,"[""64 comandos compartilham prefixo textual"",""nenhum modelo confiável"",""sequências numeradas por intenção: btn (64)""]",,
_Converted_/CSV/C/Crestron/IR_Receiver/1_-1.ir,specific_device,brute_force,receiver,Crestron,,64,"[""BTN01"",""BTN02"",""BTN03"",""BTN04"",""BTN06"",""BTN05"",""BTN07"",""BTN08"",""BTN09"",""BTN10"",""BTN11"",""BTN12""]",1,1,"[""64 comandos compartilham prefixo textual"",""nenhum modelo confiável"",""sequências numeradas por intenção: btn (64)""]",,
_Converted_/CSV/C/Crestron/IR_Receiver/2_-1.ir,specific_device,brute_force,receiver,Crestron,,64,"[""BTN01"",""BTN02"",""BTN03"",""BTN04"",""BTN05"",""BTN06"",""BTN07"",""BTN08"",""BTN09"",""BTN10"",""BTN11"",""BTN12""]",1,1,"[""64 comandos compartilham prefixo textual"",""nenhum modelo confiável"",""sequências numeradas por intenção: btn (64)""]",,
_Converted_/CSV/C/Crestron/IR_Receiver/3_-1.ir,specific_device,brute_force,receiver,Crestron,,64,"[""BTN01"",""BTN02"",""BTN03"",""BTN04"",""BTN05"",""BTN06"",""BTN07"",""BTN08"",""BTN09"",""BTN10"",""BTN11"",""BTN12""]",1,1,"[""64 comandos compartilham prefixo textual"",""nenhum modelo confiável"",""sequências numeradas por intenção: btn (64)""]",,
_Converted_/CSV/C/Crestron/IR_Receiver/4_-1.ir,specific_device,brute_force,receiver,Crestron,,64,"[""BTN01"",""BTN02"",""BTN03"",""BTN04"",""BTN05"",""BTN06"",""BTN07"",""BTN08"",""BTN09"",""BTN10"",""BTN11"",""BTN12""]",1,1,"[""64 comandos compartilham prefixo textual"",""nenhum modelo confiável"",""sequências numeradas por intenção: btn (64)""]",,
_Converted_/CSV/D/Denon/CD_Player/8_-1.ir,device_family,brute_force,,Denon,,159,"[""DOWN"",""0"",""Unknown"",""0"",""1"",""1_TRACK_NUMBER"",""0/10"",""2"",""2_TRACK_NUMBER"",""1"",""3"",""3_TRACK_NUMBER""]",1,1,"[""20 comandos compartilham prefixo textual"",""conjunto muito grande: 159 sinais"",""nenhum modelo confiável"",""sequências numeradas por intenção: disc (6)""]",,
_Converted_/CSV/D/Denon/DVD_Player/8_-1.ir,device_family,device_family,dvd_player,Denon,,179,"[""SACD_SETUP"",""SASC_SETUP"",""SUPER_AUDIO_CD"",""SUPER_AUDIO_CD_SETUP"",""SUPER_AUDIO_CD_SET"",""0"",""6"",""1"",""2"",""3"",""4"",""Unknown""]",1,1,"[""dados técnicos observados em 1 protocolo(s)"",""marca e categoria conhecidas, sem modelo específico confiável""]",,
_Converted_/CSV/D/Denon/Receiver/4_1.ir,device_family,device_family,receiver,Denon,,194,"[""POWER_ON"",""POWER_OFF"",""12V_TRIGGER_1_ON"",""12V_TRIGGER_1_OFF"",""12V_TRIGGER_2_ON"",""12V_TRIGGER_2_OFF"",""RETURN_/_BACK"",""GUI_MENU_/_SETUP"",""TUNER_MEMORY"",""TUNER_BAND_TOGGLE_AM/FM"",""TUNER_BAND_FM"",""TUNER_BAND_AM""]",1,1,"[""dados técnicos observados em 1 protocolo(s)"",""marca e categoria conhecidas, sem modelo específico confiável""]",,
_Converted_/CSV/D/Denon/Receiver/4_3.ir,device_family,device_family,receiver,Denon,,130,"[""ZONE2_DIGIT_1"",""ZONE2_DIGIT_2"",""ZONE2_DIGIT_3"",""ZONE2_DIGIT_4"",""ZONE2_DIGIT_5"",""ZONE2_DIGIT_6"",""ZONE2_DIGIT_7"",""ZONE2_DIGIT_8"",""ZONE2_DIGIT_9"",""ZONE2_DIGIT_0"",""ZONE2_CURSOR/ARROW_UP"",""ZONE2_CURSOR/ARROW_DOWN""]",1,1,"[""dados técnicos observados em 1 protocolo(s)"",""marca e categoria conhecidas, sem modelo específico confiável""]",,
_Converted_/CSV/D/Dish_Network/Satellite/0_0.ir,device_family,unknown,,Dish_Network,,111,"[""POWER"",""POWER_ON"",""POWER"",""POWER_ON"",""SAT_POWER"",""1"",""2"",""ABC"",""3"",""DEF"",""4"",""GHI""]",1,1,"[""identidade ou evidência técnica insuficiente para classe mais específica""]",,
_Converted_/CSV/H/Harman_Kardon/Receiver/128_112.ir,device_family,brute_force,receiver,Harman_Kardon,,327,"[""CD_STOP_[]"",""CD_STOP"",""CD_STOP"",""CD_STOP_(RDS_DISP)"",""CD_STOP"",""CD_PLAY_>"",""CD_PLAY"",""CD_PLAY"",""CD_PLAY_(AF)"",""CD_PLAY"",""CD_PAUSE_"",""CD_PAUSE""]",1,1,"[""22 comandos compartilham prefixo textual"",""conjunto muito grande: 327 sinais"",""nenhum modelo confiável"",""sequências numeradas por intenção: avr30 (8), am/fm (8), tuner_preset (9)""]",,
_Converted_/CSV/H/Harman_Kardon/Receiver/130_114.ir,device_family,device_family,receiver,Harman_Kardon,,281,"[""CAS.PLAY_>"",""CASS_PLAY_>"",""CASS_TRACK+"",""CASS_FAST_FORWARD"",""CASS.DECK_PLAY_>"",""TAPE1_PLAY_>"",""TAPE_PLAY_>_(AF)"",""CAS.REV.PLAY_<"",""CASS_REV_PLAY"",""CASS_REV.PLAY_<"",""CASS_TRACK-"",""CASS_REWIND""]",1,1,"[""dados técnicos observados em 1 protocolo(s)"",""marca e categoria conhecidas, sem modelo específico confiável""]",,
_Converted_/CSV/H/Hitachi/TV/80_-1.ir,device_family,brute_force,,Hitachi,,200,"[""8"",""8"",""TV_8_(VWX)"",""9"",""9"",""TV_9_(YZ)"",""ENTER"",""100/ENT"",""E"",""100"",""ENTER/100"",""PIP_SURF""]",1,1,"[""21 comandos compartilham prefixo textual"",""conjunto muito grande: 200 sinais"",""nenhum modelo confiável"",""sequências numeradas por intenção: input_video (6), video (5), input (4)""]",,
_Converted_/CSV/H/Hitachi/VCR/96_-1.ir,device_family,brute_force,,Hitachi,,391,"[""TRACKING_-_UP"",""S._TRACKING_^"",""TRACKING_^"",""VCR1_TRACKING_^"",""TRACKING_+"",""VCR1_AUTO_TRK_^"",""VCR1_MANUAL_^"",""VTR1_TRACKING_^"",""TRACKING_V"",""TRACKING_-_DOWN"",""S._TRACKING_V"",""TRACKING_V""]",1,1,"[""22 comandos compartilham prefixo textual"",""conjunto muito grande: 391 sinais"",""nenhum modelo confiável"",""sequências numeradas por intenção: vtr (10), vcr1 (10), vcr (10)""]",,
_Converted_/CSV/H/Hitachi/VCR/96_158.ir,device_family,brute_force,,Hitachi,,239,"[""AUTO_TRACKING_^"",""VCR2_TRACKING_^"",""VCR2_AUTO_TRK_^"",""VCR2_MANUAL_^"",""TRACKING_^"",""VTR2_TRACKING_^"",""AUTO_TRACKING_V"",""VCR2_TRACKING_V"",""VCR2_AUTO_TRK_V"",""VCR2_MANUAL_V"",""TRACKING_V"",""VTR2_TRACKING_V""]",1,1,"[""12 comandos compartilham prefixo textual"",""conjunto muito grande: 239 sinais"",""nenhum modelo confiável"",""sequências numeradas por intenção: vcr2 (10), cam (10)""]",,
_Converted_/CSV/I/Integra/DVD_Player/210_43.ir,device_family,brute_force,dvd_player,Integra,,205,"[""PWR_ON-OFF"",""POWER"",""POWER"",""OPEN/CLOSE"",""EJECT"",""DISPLAY"",""DISPLAY/NAVI"",""ANGLE"",""ENTER"",""1"",""CURSOR_ENTER"",""RETURN""]",1,1,"[""18 comandos compartilham prefixo textual"",""conjunto muito grande: 205 sinais"",""nenhum modelo confiável"",""sequências numeradas por intenção: d (6), disc (6)""]",,
_Converted_/CSV/I/Integra/Receiver/210_108.ir,device_family,brute_force,receiver,Integra,,255,"[""IN_MULTI_CH"",""MULTI_CHANNEL"",""MULTI-CH"",""Unknown"",""MULTICHANNEL"",""INPUT:_MULTI_CHANNEL"",""MULTI_CH"",""DSP"",""3"",""DSP>>"",""MODE:_DSP_UP"",""MODE_DSP_UP""]",1,1,"[""16 comandos compartilham prefixo textual"",""conjunto muito grande: 255 sinais"",""nenhum modelo confiável"",""sequências numeradas por intenção: input_hidden (3)""]",,
_Converted_/CSV/I/Integra/Receiver/210_109.ir,device_family,brute_force,receiver,Integra,,363,"[""TUNER_PRESET_+"",""CH+_TUNE_STEP/SL"",""PRESET_>"",""PRESET_UP"",""TUNE_PRESET_UP"",""CHANNEL_UP"",""CH_+"",""XM_PRESET_UP"",""CH+"",""CHANNEL_+"",""CH+"",""PRESET_+""]",1,1,"[""34 comandos compartilham prefixo textual"",""conjunto muito grande: 363 sinais"",""nenhum modelo confiável"",""sequências numeradas por intenção: tape (2), input:_v (5), input:_video (5)""]",,
_Converted_/CSV/I/Integra/Receiver/210_2.ir,device_family,device_family,receiver,Integra,,160,"[""TRIGGER_A_ON"",""12V_TRIGGER_A_ON"",""TRIGGER_A_OFF"",""12V_TRIGGER_A_OFF"",""TRIGGER_B_ON"",""12V_TRIGGER_B_ON"",""12V_TRIGGER_C_OFF"",""12V_TRIGGER_C_ON"",""TRIGGER_B_OFF"",""12V_TRIGGER_B_OFF"",""TRIGGER_C_ON"",""12V_TRIGGER_C_ON""]",1,1,"[""dados técnicos observados em 1 protocolo(s)"",""marca e categoria conhecidas, sem modelo específico confiável""]",,
_Converted_/CSV/J/JVC/CD_Player/179_-1.ir,device_family,brute_force,,JVC,,180,"[""POWER"",""POWER_(ENTER)"",""STOP"",""STOP_[]"",""STOP[]"",""STOP/CANCEL_[]"",""STOP_[]_(U)"",""STOP_[]"",""OPEN/CLOSE"",""DISC_OPEN/CLOSE"",""OPEN/CLOSE_(W)"",""DISC_NEXT""]",1,1,"[""33 comandos compartilham prefixo textual"",""conjunto muito grande: 180 sinais"",""nenhum modelo confiável"",""sequências numeradas por intenção: track (10), disc (6)""]",,
_Converted_/CSV/J/JVC/CD_Player/179_0.ir,device_family,brute_force,,JVC,,146,"[""PLAY_>"",""STOP_[]"",""PAUSE_"",""AUTO_SEARCH/CK_>>"",""AUTO_SEARCH/CK_<<"",""SEARCH_>>"",""SEARCH_<<"",""POWER_(ON)"",""STANDBY_(OFF)"",""CANCEL"",""RANDOM"",""REPEAT""]",1,1,"[""100 comandos compartilham prefixo textual"",""conjunto muito grande: 146 sinais"",""nenhum modelo confiável"",""sequências numeradas por intenção: track (25), disc (100)""]",,
_Converted_/CSV/J/JVC/DVD_Player/239_-1.ir,device_family,device_family,dvd_player,JVC,,135,"[""POWER"",""STOP"",""STOP_[]"",""STOP/CLEAR"",""STOP_/_CLEAR"",""OPEN/CLOSE"",""RETURN"",""RETURN_LOOP"",""PLAY"",""PLAY/SELECT"",""POWER_ON"",""PLAY_/_SELECT""]",1,1,"[""dados técnicos observados em 1 protocolo(s)"",""marca e categoria conhecidas, sem modelo específico confiável""]",,
_Converted_/CSV/J/JVC/Receiver/163_-1.ir,device_family,brute_force,receiver,JVC,,297,"[""SLEEP_TIMER"",""SLEEP"",""TV_SLEEP"",""SLEEP_(SHIFT+3)"",""DAP_PRO_LOGIN_ON/OFF"",""SURROUND"",""SURROUND_ON/OFF"",""SURR_REAR_ON/OFF(-)"",""ACCOUSTIC_EXPANDER"",""DAP(PROCESS)POWER"",""DAPDOLBY_ON/OFF"",""DAT""]",1,1,"[""15 comandos compartilham prefixo textual"",""conjunto muito grande: 297 sinais"",""nenhum modelo confiável"",""sequências numeradas por intenção: tape (2), tuner (11), am/fm (11)""]",,
_Converted_/CSV/J/JVC/Receiver/179_-1.ir,device_family,brute_force,receiver,JVC,,185,"[""PHONO_STOP_[]"",""PHONO_STOP_[]_(4)"",""PHONO_STOP"",""STOP_[]"",""PHONO_PLAY_>"",""PHONO_PLAY_>_(1)"",""PHONO_PLAY"",""CD_STOP_[]"",""CD_STOP_[]_(4)"",""CD_STOP[]"",""CD_STOP_(-_[])"",""CD_STOP""]",1,1,"[""34 comandos compartilham prefixo textual"",""conjunto muito grande: 185 sinais"",""nenhum modelo confiável"",""sequências numeradas por intenção: track (10), cd (21), cd_track (11)""]",,
_Converted_/CSV/J/JVC/Receiver/67_-1.ir,device_family,device_family,receiver,JVC,,107,"[""VCR_STOP_[]_(4)"",""VCR_STOP_[]"",""CONTROL_STOP_[]"",""VCR_STOP[]"",""VCR1_STOP_(-_[])"",""VCR_STOP"",""VCR1_STOP_[]"",""VCR_>>_(P)"",""VCR_FFWD_>>"",""VCR_FF_>>"",""FF_>>"",""VCR_>>""]",1,1,"[""dados técnicos observados em 1 protocolo(s)"",""marca e categoria conhecidas, sem modelo específico confiável""]",,
_Converted_/CSV/J/JVC/VCR/67_-1.ir,device_family,brute_force,,JVC,,645,"[""Unknown"",""REC"",""VCR_REC"",""STOP_[]"",""STOP"",""VCR_STOP_[]"",""A_STOP_[]"",""VCRA_STOP_[]"",""EJECT"",""STOP"",""VIDEO_A_STOP_[]"",""VCR_A_STOP[]""]",1,1,"[""37 comandos compartilham prefixo textual"",""conjunto muito grande: 645 sinais"",""nenhum modelo confiável"",""sequências numeradas por intenção: vcr (7), a (10), vcra (7)""]",,
_Converted_/CSV/J/JVC/VCR/83_-1.ir,device_family,brute_force,,JVC,,229,"[""STOP"",""B_STOP"",""VCRB_STOP_[]"",""VIDEO_B_STOP_[]"",""STOP_[]"",""VCR_B_STOP[]"",""B_EJECT"",""EJECT"",""FAST_FORWARD_>>"",""B_FF_>>"",""VCRB_FF_>>/>>"",""VCRB_FF_>>_/>>\\""]",1,1,"[""20 comandos compartilham prefixo textual"",""conjunto muito grande: 229 sinais"",""nenhum modelo confiável"",""sequências numeradas por intenção: b (10), vcrb (7), video_b (7)""]",,
_Converted_/CSV/K/Kenwood/DVD_Changer/182_12.ir,device_family,device_family,dvd_player,Kenwood,,162,"[""0"",""0_/X"",""1"",""1_/K"",""2"",""2_/L"",""3"",""3_/M"",""4"",""4_/O"",""5"",""5_/P""]",1,1,"[""dados técnicos observados em 1 protocolo(s)"",""marca e categoria conhecidas, sem modelo específico confiável""]",,
_Converted_/CSV/K/Kenwood/DVD_Player/182_12.ir,device_family,device_family,dvd_player,Kenwood,,166,"[""0"",""0_/X"",""1"",""1_/K"",""2"",""2_/L"",""3"",""3_/M"",""4"",""4_/O"",""5"",""5_/P""]",1,1,"[""dados técnicos observados em 1 protocolo(s)"",""marca e categoria conhecidas, sem modelo específico confiável""]",,
_Converted_/CSV/K/Kenwood/Receiver/184_-1.ir,device_family,brute_force,receiver,Kenwood,,298,"[""CD_SCAN_<<"",""CD/LD_SCAN_<<"",""CD_ANY_V"",""REW_<<"",""CD_SCAN_>>"",""CD/LD_SCAN_>>"",""CD_ANY_^"",""FF_>>"",""CD_DISC"",""DISC"",""CD_DISC_SKIP_(AUTO)"",""CD_FUNCTION""]",1,1,"[""14 comandos compartilham prefixo textual"",""conjunto muito grande: 298 sinais"",""nenhum modelo confiável"",""sequências numeradas por intenção: m (3), video (4), tuner/cd (10)""]",,
_Converted_/CSV/L/LG/TV/4_-1.ir,device_family,brute_force,,LG,,290,"[""CHANNEL_+"",""CURSOR_UP_/_PR_UP"",""CURSOR_UP"",""PAGE_UP"",""UP"",""CH+_/_UP"",""CHANNEL_-"",""CURSOR_DOWN_/_PR_DN"",""ARROW_LEFT"",""CURSOR_DOWN"",""PAGE_DOWN"",""DOWN""]",1,1,"[""16 comandos compartilham prefixo textual"",""conjunto muito grande: 290 sinais"",""nenhum modelo confiável"",""sequências numeradas por intenção: s-video (2), video (5), component (3)""]",,
_Converted_/CSV/L/Lexicon/Surround_Processor/130_11.ir,device_family,brute_force,,Lexicon,,268,"[""MENU_+"",""MENU_UP_ARROW"",""MENU:_UP"",""MENU_UP"",""OSD_OFF"",""DISPLAY:_OSD_ON/OFF"",""OSD"",""FRONT_PANEL_OFF"",""DISPLAY:_BACK_ON/OFF"",""BLUE"",""BALANCE_RIGHT"",""FRONT_PANEL_ON""]",1,1,"[""12 comandos compartilham prefixo textual"",""conjunto muito grande: 268 sinais"",""nenhum modelo confiável"",""sequências numeradas por intenção: vcr (2)""]",,
_Converted_/CSV/L/Lexicon/Surround_Processor/133_2.ir,device_family,unknown,,Lexicon,,131,"[""MENU_UP_ARROW"",""UP"",""OSD_OFF"",""FRONT_PANEL_OFF"",""FP_OFF"",""FRONT_PANEL_ON"",""FP_ON"",""OSD_ON"",""MENU_SELECT"",""SELECT"",""MENU_DONE"",""DONE""]",1,1,"[""identidade ou evidência técnica insuficiente para classe mais específica""]",,
_Converted_/CSV/L/Loewe/TV/0_-1.ir,device_family,brute_force,,Loewe,,161,"[""0"",""0"",""1"",""1"",""2"",""2"",""3"",""3"",""4"",""4"",""5"",""5""]",1,1,"[""20 comandos compartilham prefixo textual"",""conjunto muito grande: 161 sinais"",""nenhum modelo confiável"",""sequências numeradas por intenção: av (3), hdmi (3)""]",,
"_Converted_/CSV/M/Marantz/DVD_Player/4,-1.ir",device_family,device_family,dvd_player,Marantz,,135,"[""0"",""1"",""2"",""3"",""4"",""5"",""6"",""7"",""8"",""9"",""POWER_ON/STANDBY"",""POWER_OFF""]",1,1,"[""dados técnicos observados em 1 protocolo(s)"",""marca e categoria conhecidas, sem modelo específico confiável""]",,
"_Converted_/CSV/M/Marantz/Receiver/17,-1.ir",device_family,brute_force,receiver,Marantz,,188,"[""(TUNER-1)_0"",""TUNER1-0"",""0"",""[TUNER-1]_0"",""0_TUNER"",""TUNER_-_0"",""(TUNER-1)_1"",""TUNER1-1"",""1"",""[TUNER-1]_1"",""1_TUNER"",""TUNER_-_1""]",1,1,"[""52 comandos compartilham prefixo textual"",""conjunto muito grande: 188 sinais"",""nenhum modelo confiável"",""sequências numeradas por intenção: (tuner-1) (10), tuner1 (10), [tuner-1] (10)""]",,
"_Converted_/CSV/M/Meridian/Remote_Control/19,-1.ir",device_family,unknown,,Meridian,,188,"[""0"",""0B"",""0_A"",""0_B"",""1"",""1B"",""1_A"",""1_B"",""2"",""2B"",""2_A"",""2_B""]",1,1,"[""identidade ou evidência técnica insuficiente para classe mais específica""]",,
"_Converted_/CSV/M/Mitsubishi/Monitor/71,-1.ir",device_family,brute_force,,Mitsubishi,,211,"[""TV_1_(SUN)"",""1_(SUN)"",""TV_1"",""1"",""TV_9"",""9"",""TV_POWER"",""POWER"",""COLOR_+"",""EXT1"",""TV/VCR"",""TV_CANCEL""]",1,1,"[""20 comandos compartilham prefixo textual"",""conjunto muito grande: 211 sinais"",""nenhum modelo confiável"",""sequências numeradas por intenção: tv (10), ext (3), - (5)""]",,
"_Converted_/CSV/M/Mitsubishi/Monitor/87,-1.ir",device_family,brute_force,,Mitsubishi,,173,"[""VCR_1_(SUN)"",""VCR_1"",""VCRA_1"",""VCR_9"",""VCRA_9"",""VCR_POWER"",""VCRA_POWER"",""VCR_PLAY_>"",""VCR_PLAY"",""VCRA_PLAY_>"",""VIDEO/TV"",""VCR/TV""]",1,1,"[""12 comandos compartilham prefixo textual"",""conjunto muito grande: 173 sinais"",""nenhum modelo confiável"",""sequências numeradas por intenção: vcr (10), vcra (10), vcrb (10)""]",,
"_Converted_/CSV/M/Mitsubishi/Receiver/119,-1.ir",device_family,device_family,receiver,Mitsubishi,,147,"[""AUDIO_1"",""1_(CAM)"",""AUDIO_9"",""9_(CD)"",""AUDIO_POWER"",""POWER"",""AUDIO_2"",""2_(DVD)"",""AUDIO_0"",""0"",""AUDIO_SCAN_^"",""VCRA_CH_^_(SCAN_^)""]",1,1,"[""dados técnicos observados em 1 protocolo(s)"",""marca e categoria conhecidas, sem modelo específico confiável""]",,
"_Converted_/CSV/M/Mitsubishi/TV/71,-1.ir",device_family,brute_force,,Mitsubishi,,180,"[""1"",""TV_1"",""9"",""TV_9"",""POWER"",""TV_POWER"",""ST/SAP/MONO"",""COLOR_+"",""EXTERNAL_1"",""CANCEL"",""TV_CANCEL"",""TV""]",1,1,"[""13 comandos compartilham prefixo textual"",""conjunto muito grande: 180 sinais"",""nenhum modelo confiável"",""sequências numeradas por intenção: tv (10), input (3), input:_video (3)""]",,
"_Converted_/CSV/M/Mitsubishi/Unknown/87,-1.ir",device_family,brute_force,unknown,Mitsubishi,,233,"[""VCRA_1"",""VCR_1_(SUN)"",""VCR_1"",""VCRA_9"",""VCR_9"",""VCRA_POWER"",""VCR_POWER"",""VCRA_PLAY_>"",""VCR_PLAY_>"",""VCR/TV"",""VIDEO/TV"",""VCR_VCR/TV""]",1,1,"[""15 comandos compartilham prefixo textual"",""conjunto muito grande: 233 sinais"",""nenhum modelo confiável"",""sequências numeradas por intenção: vcra (10), vcr (10), vcr_scan_rev_1/ (3)""]",,
"_Converted_/CSV/M/Mitsubishi/VCR/87,-1.ir",device_family,brute_force,,Mitsubishi,,487,"[""1_SUN"",""1"",""VCR_1"",""VCRA_1"",""VCR-A"",""9"",""VCR_9"",""VCRA_9"",""POWER"",""VCR_POWER"",""VCRA_POWER"",""AUDIO_MONITOR""]",1,1,"[""20 comandos compartilham prefixo textual"",""conjunto muito grande: 487 sinais"",""nenhum modelo confiável"",""sequências numeradas por intenção: vcr (10), vcra (10), input (2)""]",,
"_Converted_/CSV/M/Motorola/Cable_Box/0,-1.ir",device_family,unknown,,Motorola,,263,"[""0"",""Unknown"",""ON_DEMAND"",""1"",""ON_DEMAND"",""2"",""C/PPV"",""C"",""B"",""PPV_/_C"",""3"",""4""]",1,1,"[""identidade ou evidência técnica insuficiente para classe mais específica""]",,
"_Converted_/CSV/N/NEC/VCR/25,-1.ir",device_family,brute_force,,NEC,,134,"[""VCR_CHANNEL_^"",""CHANNEL_^"",""VCR_CH_^_(SET_+)"",""CH/SET_^"",""CHANNEL_+"",""VCR_CH_^"",""VCR_CHANNEL_V"",""CHANNEL_V"",""VCR_CH_V_(SET_-)"",""CH/SET_V"",""CHANNEL_-"",""VCR_CH_V""]",1,1,"[""conjunto muito grande: 134 sinais"",""nenhum modelo confiável"",""sequências numeradas por intenção: vcr (10)""]",,
"_Converted_/CSV/O/Onkyo/Receiver/210,109.ir",device_family,brute_force,receiver,Onkyo,,256,"[""TUNER_PRESET_>"",""TUNER_STATION_+_(CH)"",""PRESETUP"",""TUNER_PRESET_+"",""PRESET_+"",""CH+"",""TUNER_PRESET_^"",""TUNER_PRESET_<"",""TUNER_STATION_-_(CH)"",""PRESETDOWN"",""TUNER_PRESET_-"",""PRESET_-""]",1,1,"[""20 comandos compartilham prefixo textual"",""conjunto muito grande: 256 sinais"",""nenhum modelo confiável"",""sequências numeradas por intenção: tape (2), v (4), video (6)""]",,
"_Converted_/CSV/P/PHAST/PLR-IR1/85,-1.ir",device_family,unknown,,PHAST,PLR-IR1,132,"[""Z_-_RECORD"",""Z_-_RECORD"",""Z_-_RECORD"",""Z_-_RECORD"",""7"",""7"",""7"",""7"",""6"",""6"",""6"",""6""]",1,1,"[""identidade ou evidência técnica insuficiente para classe mais específica""]",,
"_Converted_/CSV/P/Philips/Digital_Recorder/133,48.ir",device_family,brute_force,,Philips,,310,"[""TIVO"",""TIVO"",""TIVO"",""TIVO"",""TIVO"",""TIVO"",""TIVO"",""TIVO"",""TIVO"",""TIVO"",""LIVE_TV_/_GUIDE"",""LIVE_TV_/_GUIDE""]",1,1,"[""100 comandos compartilham prefixo textual"",""conjunto muito grande: 310 sinais"",""nenhum modelo confiável""]",,
"_Converted_/CSV/S/Sony/CD_Jukebox/17,-1.ir",device_family,brute_force,,Sony,,136,"[""TRACK_1_(F)"",""1"",""TRACK_2_(G)"",""2"",""TRACK_3_(H)"",""3"",""TRACK_4_(I)"",""4"",""Unknown"",""TRACK_5_(J)"",""5"",""TRACK_6_(K)""]",1,1,"[""15 comandos compartilham prefixo textual"",""conjunto muito grande: 136 sinais"",""nenhum modelo confiável"",""sequências numeradas por intenção: disc (5)""]",,
"_Converted_/CSV/S/Sony/CD_Player/17,-1.ir",device_family,brute_force,,Sony,,164,"[""TRACK_1"",""1"",""1/&!?"",""TRACK_2"",""2"",""2/ABC"",""TRACK_3"",""3"",""3/DEF"",""TRACK_4"",""4"",""4/GHI""]",1,1,"[""26 comandos compartilham prefixo textual"",""conjunto muito grande: 164 sinais"",""nenhum modelo confiável"",""sequências numeradas por intenção: track (20), 1 (10), disc (10)""]",,
"_Converted_/CSV/S/Sony/DVD_Player/26,73.ir",device_family,brute_force,dvd_player,Sony,,205,"[""1"",""4"",""STOP"",""2"",""0"",""SEARCH_>>"",""SIDE_A/B"",""3"",""5"",""SEARCH_<<"",""SLOW_MOTION_+"",""4""]",1,1,"[""18 comandos compartilham prefixo textual"",""conjunto muito grande: 205 sinais"",""nenhum modelo confiável"",""sequências numeradas por intenção: disc (5)""]",,
"_Converted_/CSV/S/Sony/Receiver/36,-1.ir",device_family,brute_force,receiver,Sony,,207,"[""ARENA_SURROUND"",""AUTO_FORMAT_DECODING"",""Unknown"",""GAME_SURROUND"",""JAZZ_CLUB"",""NIGHT_THEATER"",""NORMAL_SURROUND"",""STADIUM"",""STEREO"",""THEATER_A"",""AUTO_FORMAT_DECODE"",""CENTER_LEVE_L+7_DB""]",1,1,"[""21 comandos compartilham prefixo textual"",""conjunto muito grande: 207 sinais"",""nenhum modelo confiável"",""sequências numeradas por intenção: d._range_0. (9), rear_balance_l (7), rear_balance_r (7)""]",,
"_Converted_/CSV/S/Sony/VCR/11,-1.ir",device_family,unknown,,Sony,,182,"[""1"",""2"",""3"",""4"",""5"",""6"",""7"",""8"",""9"",""0"",""ENTER"",""CHANNEL_+""]",1,1,"[""identidade ou evidência técnica insuficiente para classe mais específica""]",,
"_Converted_/CSV/S/Sony/Video_Projector/26,42.ir",specific_device,device_family,projector,Sony,,61,"[""KEYSTONE"",""MS_SLIDE"",""STANDARD"",""SIDE_SHOT_-"",""SIDE_SHOT_+"",""OFF"",""VID_MEM_OFF"",""VIDEO_MEMORY_-_OFF"",""MEM_1"",""VIDEO_MEMORY_1"",""DYNAMIC"",""VIDEO_MEM_1""]",1,1,"[""dados técnicos observados em 1 protocolo(s)"",""marca e categoria conhecidas, sem modelo específico confiável""]",,
"_Converted_/CSV/S/Sony/Video_Projector/84,-1.ir",device_family,device_family,projector,Sony,,119,"[""SWITCHER_1"",""SW_1"",""1"",""SWITCHER_2"",""SW_2"",""2"",""SWITCHER_3"",""SW_3"",""3"",""SWITCHER_4"",""SW_4"",""4""]",1,1,"[""dados técnicos observados em 1 protocolo(s)"",""marca e categoria conhecidas, sem modelo específico confiável""]",,
"_Converted_/CSV/U/Universal/Unknown_001/4,15.ir",specific_device,universal_remote,unknown,Universal,,42,"[""0"",""1"",""2"",""3"",""4"",""5"",""6"",""7"",""8"",""9"",""EXIT"",""Ent""]",1,1,"[""indicador explícito de universalidade: universal"",""nenhum modelo específico"",""volume/diversidade reforça o indicador universal""]",,
"_Converted_/CSV/U/Universal/Unknown_101/6,-1.ir",specific_device,universal_remote,unknown,Universal,,52,"[""0"",""1"",""2"",""3"",""4"",""5"",""6"",""7"",""8"",""9"",""1-"",""2-""]",1,2,"[""indicador explícito de universalidade: universal"",""nenhum modelo específico"",""volume/diversidade reforça o indicador universal""]",,
"_Converted_/CSV/U/Universal/Unknown_111/135,124.ir",specific_device,universal_remote,unknown,Universal,,48,"[""1"",""2"",""3"",""4"",""5"",""6"",""7"",""8"",""9"",""EmptyWindow"",""Shift7"",""Shift9""]",1,1,"[""9 comandos numerados reforçam a estrutura universal"",""indicador explícito de universalidade: universal"",""nenhum modelo específico"",""volume/diversidade reforça o indicador universal""]",,
"_Converted_/CSV/U/Universal/Unknown_RZ-55/1,-1.ir",specific_device,universal_remote,unknown,Universal,RZ-55,48,"[""1"",""2"",""3"",""4"",""5"",""6"",""7"",""8"",""9"",""0"",""BACK"",""NEXT""]",1,1,"[""indicador explícito de universalidade: universal"",""volume/diversidade reforça o indicador universal""]",,
"_Converted_/CSV/U/Universal/Unknown_cme/7,-1.ir",specific_device,universal_remote,unknown,Universal,,48,"[""MUTE"",""CHANNELDOWN"",""CHANNELUP"",""1"",""2"",""3"",""VOL-"",""VOL+"",""4"",""5"",""6"",""COL-""]",1,1,"[""indicador explícito de universalidade: universal"",""nenhum modelo específico"",""volume/diversidade reforça o indicador universal""]",,
"_Converted_/CSV/U/Universal/Unknown_testrecord.config/0,-1.ir",specific_device,universal_remote,unknown,Universal,,48,"[""0"",""1"",""2"",""3"",""4"",""5"",""6"",""7"",""8"",""9"",""1"",""p/c""]",1,1,"[""indicador explícito de universalidade: universal"",""nenhum modelo específico"",""volume/diversidade reforça o indicador universal""]",,
"_Converted_/CSV/Y/Yamaha/CD_Player/121,-1.ir",device_family,brute_force,,Yamaha,,170,"[""DISC_MODE"",""MODE"",""D-MODE"",""MODE"",""Unknown"",""CHANGER_MODE_TOG"",""OPEN/CLOSE"",""EJECT"",""PLAY"",""PLAY/PAUSE_TOG"",""TRACK_-"",""SKIP_<<""]",1,1,"[""34 comandos compartilham prefixo textual"",""conjunto muito grande: 170 sinais"",""nenhum modelo confiável"",""sequências numeradas por intenção: + (3), disc (5), 1 (9)""]",,
_Converted_/CSV/Y/Yamaha/DVD/124_-1.ir,device_family,device_family,dvd_player,Yamaha,,170,"[""POWER:_TOGGLE"",""POWER"",""1"",""POWER"",""FUNCTN:_OPEN/CLOSE"",""OPEN/CLOSE"",""FUNCTN:_PLAY"",""PLAY"",""FUNCTN:_PAUSE"",""PAUSE"",""FUNCTN:_STOP"",""STOP""]",1,1,"[""dados técnicos observados em 1 protocolo(s)"",""marca e categoria conhecidas, sem modelo específico confiável""]",,
_Converted_/CSV/Y/Yamaha/DVD_Player/124_-1.ir,device_family,brute_force,dvd_player,Yamaha,,272,"[""1"",""POWER"",""POWER:_TOGGLE"",""POWER"",""POWER_ON/OFF"",""POWER_TOGGLE"",""POWER_(TOGGLE)"",""OPEN/CLOSE"",""FUNCTN:_OPEN/CLOSE"",""PLAY"",""FUNCTN:_PLAY"",""PAUSE""]",1,1,"[""25 comandos compartilham prefixo textual"",""conjunto muito grande: 272 sinais"",""nenhum modelo confiável"",""sequências numeradas por intenção: numeric: (10), disc (5), functn:_disc (5)""]",,
_Converted_/CSV/Y/Yamaha/DVD_Player/4_-1.ir,device_family,device_family,dvd_player,Yamaha,,181,"[""0"",""0B"",""1"",""1B"",""2"",""2B"",""3"",""3B"",""4"",""4B"",""5"",""5B""]",1,1,"[""dados técnicos observados em 1 protocolo(s)"",""marca e categoria conhecidas, sem modelo específico confiável""]",,
_Converted_/CSV/Y/Yamaha/Projector/209_-1.ir,device_family,device_family,projector,Yamaha,,166,"[""V.POS"",""V.POS_UP"",""V.POS_DOWN"",""ZOOM"",""ZOOM_UP"",""ZOOM_DOWN"",""FOCUS"",""FOCUS_UP"",""FOCUS_DOWN"",""IRIS"",""IRIS_UP"",""IRIS_DOWN""]",1,1,"[""dados técnicos observados em 1 protocolo(s)"",""marca e categoria conhecidas, sem modelo específico confiável""]",,
_Converted_/CSV/Y/Yamaha/Receiver/122_-1.ir,device_family,brute_force,receiver,Yamaha,,2499,"[""SCENE_1"",""SYS_MEM_1"",""SYS_MEM_1_TOG"",""SCENE:_BD/DVD"",""Unknown"",""SCENE_BD/DVD"",""TAPE_PLAY"",""MZ:_SYSM_RC/SV_1"",""SYS_MEM_1_TOG"",""TAPE_REW"",""Z2:_SYSM_REC/SV_1"",""SYS_MEM_1_TOG""]",1,1,"[""130 comandos compartilham prefixo textual"",""conjunto muito grande: 2499 sinais"",""nenhum modelo confiável"",""sequências numeradas por intenção: scene (4), sys_mem (4), z2:_sysm_rec/sv (4)""]",,
_Converted_/CSV/Y/Yamaha/Receiver/125_-1.ir,device_family,device_family,receiver,Yamaha,,164,"[""TUNER_FM"",""TUNER_AM"",""INPUT_XM"",""TUNER_AUTO_TUNE_+"",""TUNER_AUTO_TUNE_-"",""XM_ALL_CH_SEARCH"",""XM_CAT_SEARCH"",""XM_PRESET_SEARCH"",""Z2_INPUT_XM"",""XM_PRESET_+"",""XM_PRESET_-"",""XM_CAT_+""]",1,1,"[""dados técnicos observados em 1 protocolo(s)"",""marca e categoria conhecidas, sem modelo específico confiável""]",,
_Converted_/CSV/Y/Yamaha/Receiver/126_-1.ir,device_family,brute_force,receiver,Yamaha,,2234,"[""Z4:_VOL_MEM_1"",""Z4:_VOL_MEMORY_1"",""Z4:_VOL_MEMORY_1"",""Z4:_VOL_MEM_2"",""Z4:_VOL_MEMORY_2"",""Z4:_VOL_MEMORY_2"",""Z4:_VOL_MEM_3"",""Z4:_VOL_MEMORY_3"",""Z4:_VOL_MEMORY_3"",""Z4:_VOL_MEM_4"",""Z4:_VOL_MEMORY_4"",""Z4:_VOL_MEMORY_4""]",1,1,"[""98 comandos compartilham prefixo textual"",""conjunto muito grande: 2234 sinais"",""nenhum modelo confiável"",""sequências numeradas por intenção: z4:_vol_mem (6), z4:_vol_memory (4), z4:_vol_rec (6)""]",,
_Converted_/CSV/Y/Yamaha/Receiver/127_1.ir,device_family,brute_force,receiver,Yamaha,,1013,"[""SRCH_MODE_PRESET"",""HDRADIO:_PRES_MOD"",""SRCH_MODE_TUNING"",""HDRADIO:_MAN_MOD"",""OPERATION_11"",""SRCE:_MZ_PRESET_-"",""SRCE:_Z2_PRESET_-"",""Z2_OPERATION_11"",""Z2_OPERATION_11"",""SRCE:_Z3_PRESET_-"",""Z3_SOURCE:_OP_11"",""Z3_SOURCE:_OP_11""]",1,1,"[""60 comandos compartilham prefixo textual"",""conjunto muito grande: 1013 sinais"",""nenhum modelo confiável"",""sequências numeradas por intenção: operation (10), z2_operation (10), z3_source:_op (10)""]",,
_Converted_/CSV/Y/Yamaha/Sound_Projector/120_-1.ir,device_family,brute_force,projector,Yamaha,,252,"[""POWER_TOG"",""0"",""FM/XM:_0"",""1"",""FM/XM:_1"",""2"",""FM/XM:_2"",""3"",""FM/XM:_3"",""4"",""FM/XM:_4"",""5""]",1,1,"[""21 comandos compartilham prefixo textual"",""conjunto muito grande: 252 sinais"",""nenhum modelo confiável"",""sequências numeradas por intenção: fm/xm: (10), input_aux (3), input:_aux (3)""]",,
_Converted_/IR_Plus/E/EIKI/LC-360.ir,specific_device,malformed,,EIKI,LC-360,1,"[""Unknown""]",0,0,"[""1 problema(s) de parsing""]",,
_Converted_/IR_Plus/E/EIKI/LC-4200.ir,specific_device,malformed,,EIKI,LC-4200,1,"[""Unknown""]",0,0,"[""1 problema(s) de parsing""]",,
_Converted_/IR_Plus/E/EIKI/LC-SVGA860.ir,specific_device,malformed,,EIKI,LC-SVGA860,1,"[""POWER""]",0,0,"[""1 problema(s) de parsing""]",,
_Converted_/IR_Plus/E/EIKI/LC-XGA98OUE.ir,specific_device,malformed,,EIKI,LC-XGA98OUE,1,"[""OFF""]",0,0,"[""1 problema(s) de parsing""]",,
_Converted_/IR_Plus/E/EXAMPLE/ImageRemote.ir,specific_device,test_or_sample,,EXAMPLE,,9,"[""Channel1"",""Channel2"",""Channel3"",""Channel4"",""Channel5"",""Channel6"",""Channel7"",""Channel8"",""Channel9""]",1,1,"[""caminho contém marcador explícito de teste""]",,
_Converted_/IR_Plus/E/EXAMPLE/Macro Buttons.ir,specific_device,test_or_sample,,EXAMPLE,,12,"[""1"",""2"",""3"",""4"",""5"",""6"",""7"",""8"",""9"",""INFO"",""0"",""LAST""]",1,1,"[""caminho contém marcador explícito de teste""]",,
_Converted_/IR_Plus/E/EXAMPLE/RC5.ir,device_family,brute_force,,EXAMPLE,RC5,2399,"[""S00C00"",""S00C01"",""S00C02"",""S00C03"",""S00C04"",""S00C05"",""S00C06"",""S00C07"",""S00C08"",""S00C09"",""S00C0A"",""S00C0B""]",1,10,"[""1020 comandos compartilham prefixo textual"",""conjunto muito grande: 2399 sinais"",""diversidade de endereços: 10"",""sequências numeradas por intenção: s00c (80), s01c (80), s02c (80)""]",,
_Converted_/IR_Plus/H/HARMAN KARDON/AVR.ir,device_family,malformed,receiver,HARMAN KARDON,,118,"[""AUDIO EFFECTS"",""VIDEO MODES"",""SURROUND MODES"",""1"",""2"",""3"",""4"",""5"",""6"",""7"",""8"",""9""]",0,0,"[""2 problema(s) de parsing""]",,
_Converted_/IR_Plus/L/LG/Air Conditioner.ir,specific_device,device_family,air_conditioner,LG,,21,"[""Unknown"",""Unknown"",""16"",""17"",""18"",""19"",""20"",""21"",""22"",""23"",""24"",""25""]",0,0,"[""dados técnicos insuficientes"",""marca e categoria conhecidas, sem modelo específico confiável""]",,
_Converted_/IR_Plus/L/LG/DVD 6710CDAL01G.ir,specific_device,specific_device,dvd_player,LG,6710CDAL01G,53,"[""POWER"",""Unknown"",""EJECT"",""CD-DVD"",""BAND"",""AUX"",""1"",""2"",""3"",""4"",""5"",""6""]",1,1,"[""categoria normalizada com confiança 0.68"",""conjunto interno coerente com 53 comandos"",""marca com confiança 0.97"",""modelo conservador com confiança 0.72""]",,
_Converted_/IR_Plus/N/NAD/AVR-T742.ir,specific_device,specific_device,receiver,NAD,AVR-T742,68,"[""POWER"",""SLEEP"",""DVD"",""SAT"",""VCR"",""VIDEO4"",""VIDEO5"",""EXT 5.1"",""CD"",""TAPE"",""FM/AM"",""1""]",1,2,"[""categoria normalizada com confiança 0.68"",""conjunto interno coerente com 68 comandos"",""marca com confiança 0.97"",""modelo conservador com confiança 0.72""]",,
_Converted_/IR_Plus/N/NEC1/A156-1-255.ir,device_family,brute_force,,NEC1,A156-1-255,256,"[""0"",""1"",""2"",""3"",""4"",""5"",""6"",""7"",""8"",""9"",""10"",""11""]",1,1,"[""256 comandos compartilham prefixo textual"",""conjunto muito grande: 256 sinais"",""sequências numeradas por intenção: 1 (100), 2 (56), 3 (10)""]",,
_Converted_/IR_Plus/N/NEC1/TEST.ir,specific_device,test_or_sample,,NEC1,,1,"[""TEST""]",1,1,"[""caminho contém marcador explícito de teste""]",,
_Converted_/IR_Plus/O/ONKYO/TX-NR636.ir,device_family,unknown,,ONKYO,TX-NR636,142,"[""Standby"",""POWER"",""POWER (toggle)"",""Audio Muting Off"",""Audio Muting On"",""Audio Muting (toggle)"",""Volume Level Up"",""Volume Level Down"",""Off"",""POWER"",""Phase Matching Bass"",""Sleep Time""]",0,0,"[""identidade ou evidência técnica insuficiente para classe mais específica""]",,
_Converted_/IR_Plus/O/ONKYO/TX-NR717.ir,device_family,unknown,,ONKYO,TX-NR717,202,"[""Standby"",""POWER"",""POWER (toggle)"",""Audio Muting Off"",""Audio Muting On"",""Audio Muting (toggle)"",""Speaker Layout(toggle)"",""Volume Level Up"",""Volume Level Down"",""Volume Level Up 1dB Step"",""Volume Level Down 1dB Step"",""Sleep Time""]",0,0,"[""identidade ou evidência técnica insuficiente para classe mais específica""]",,
_Converted_/IR_Plus/O/ONKYO/TX-SR608.ir,device_family,unknown,,ONKYO,TX-SR608,240,"[""Standby"",""POWER"",""POWER (toggle)"",""Audio Muting Off"",""Audio Muting On"",""Audio Muting (toggle)"",""Speaker A POWER (toggle)"",""Speaker B POWER (toggle)"",""Speaker A/B POWER (toggle)"",""Speaker Layout(toggle)"",""Volume Level Up"",""Volume Level Down""]",0,0,"[""identidade ou evidência técnica insuficiente para classe mais específica""]",,
_Converted_/IR_Plus/O/ONKYO/TX-SR806.ir,device_family,unknown,,ONKYO,TX-SR806,137,"[""Unknown"",""SpeakerA"",""SpeakerB"",""SpeakerA/B"",""Volume Level Up"",""Unknown"",""Volume Level Down"",""Sleep Time"",""Test Tone"",""Channel Select"",""Display Mode"",""Subwoofer Level Control""]",0,0,"[""identidade ou evidência técnica insuficiente para classe mais específica""]",,
_Converted_/IR_Plus/P/PIONEER/SC27.ir,device_family,brute_force,,PIONEER,SC27,354,"[""POWER POWER"",""POWER ON"",""POWER OFF"",""MUTE POWER"",""MUTE ON"",""MUTE OFF"",""VOLUME UP"",""VOLUME DOWN"",""DVD"",""BD"",""TV/SAT"",""DVR""]",0,0,"[""30 comandos compartilham prefixo textual"",""conjunto muito grande: 354 sinais"",""sequências numeradas por intenção: hdmi (4), auto hdmi (4), mcacc memory (6)""]",,
_Converted_/IR_Plus/P/PIONEER/VSX-921.ir,device_family,brute_force,,PIONEER,VSX-921,394,"[""BD"",""DVD"",""TV/SAT"",""DVR/BDR"",""VIDEO1"",""VIDEO2"",""HDMI1"",""HDMI2"",""HDMI3"",""HDMI4"",""HDMI5"",""HDMI6""]",0,0,"[""22 comandos compartilham prefixo textual"",""conjunto muito grande: 394 sinais"",""sequências numeradas por intenção: hdmi (6), autofunctionhdmi (6), mcaccmemory (6)""]",,
_Converted_/IR_Plus/R/REVOX/B2xx_1-0.ir,device_family,brute_force,,REVOX,B2xx_1-0,165,"[""Vol --"",""Vol -"",""Vol +"",""Vol ++"",""Bal L"",""Bal R"",""Tone"",""-20dB"",""Tape 1"",""Tape 2"",""Disc"",""Phono""]",0,0,"[""37 comandos compartilham prefixo textual"",""conjunto muito grande: 165 sinais"",""sequências numeradas por intenção: tape (2), 1 (10)""]",,
_Converted_/IR_Plus/S/SCHAUB-LORENZ/DVD-2006.ir,specific_device,specific_device,dvd_player,SCHAUB-LORENZ,DVD-2006,53,"[""Unknown"",""Unknown"",""DVD/TV"",""EJECT"",""1"",""2"",""3"",""4"",""5"",""6"",""7"",""8""]",1,1,"[""categoria normalizada com confiança 0.68"",""conjunto interno coerente com 53 comandos"",""marca com confiança 0.97"",""modelo conservador com confiança 0.72""]",,
_Converted_/IR_Plus/S/SEG/LED-TV.ir,specific_device,mixed_collection,led_strip,SEG,,44,"[""Unknown"",""INPUT"",""EJECT"",""Unknown"",""VOL+"",""Unknown"",""CH+"",""Unknown"",""OK"",""Unknown"",""VOL-"",""Unknown""]",0,0,"[""comandos fortes incompatíveis com led_strip: television: CH+, CH-, SUBTITLE""]",,
_Converted_/IR_Plus/T/T+A/RCII.ir,device_family,brute_force,,T+A,,149,"[""POWER"",""POWER"",""OFF"",""STANDBY"",""VOLUME +"",""VOLUME -"",""VOLUME Zone2 + / VOLUME B +"",""VOLUME Zone2 - / VOLUME B -"",""VOLUME Zone3 +"",""VOLUME Zone3 -"",""VOLUME Zone4 +"",""VOLUME Zone4 -""]",0,0,"[""conjunto muito grande: 149 sinais"",""nenhum modelo confiável"",""sequências numeradas por intenção: hdmi (3)""]",,
_Converted_/IR_Plus/T/TEAC/LED-TV.ir,specific_device,mixed_collection,led_strip,TEAC,,65,"[""POWER"",""TV/RADIO"",""Unknown"",""FAVORITE"",""REPEAT"",""SLEEP"",""AUDIO"",""INPUT"",""EFFECT"",""INFO"",""GUIDE"",""EXIT""]",0,0,"[""comandos fortes incompatíveis com led_strip: television: CH+, CH-, SUBTITLE""]",,
_Converted_/IR_Plus/T/TELESYSTEM/PALCO 19-LED 01.ir,specific_device,mixed_collection,led_strip,TELESYSTEM,19-LED,57,"[""POWER"",""Unknown"",""TV/AV"",""1"",""2"",""3"",""4"",""5"",""6"",""7"",""8"",""9""]",1,1,"[""comandos fortes incompatíveis com led_strip: television: CH+, CH-""]",,
_Converted_/IR_Plus/T/TELESYSTEM/PALCO-22-LED-04.ir,specific_device,mixed_collection,led_strip,TELESYSTEM,PALCO-22-LED-04,47,"[""POWER"",""Unknown"",""TV/AV"",""1"",""2"",""3"",""4"",""5"",""6"",""7"",""8"",""9""]",1,1,"[""comandos fortes incompatíveis com led_strip: television: CH+, CH-""]",,
_Converted_/IR_Plus/T/TOSHIBA/VX-990.ir,specific_device,malformed,,TOSHIBA,VX-990,11,"[""1"",""2"",""3"",""4"",""5"",""6"",""7"",""8"",""9"",""ENTER"",""0""]",0,0,"[""11 problema(s) de parsing""]",,
_Converted_/IR_Plus/Y/YAMAHA/RX-V1400.ir,device_family,brute_force,,YAMAHA,RX-V1400,231,"[""POWER On"",""POWER Off"",""POWER Toggle"",""Vol+"",""Vol-"",""Unknown"",""Sleep"",""6CH Input"",""OSD"",""VCR 1"",""VCR 2"",""Phono""]",0,0,"[""12 comandos compartilham prefixo textual"",""conjunto muito grande: 231 sinais"",""sequências numeradas por intenção: vcr (2), dc1 trgctrl zone (3), dc2 trgctrl zone (3)""]",,
_Converted_/Other/Maranz/Marantz_main_zone.ir,device_family,brute_force,other,Maranz,,455,"[""power on/off"",""power on"",""power off"",""system power off"",""vol +"",""vol -"",""direct volume 25%"",""direct volume 50%"",""direct volume 75%"",""audio mute on"",""audio mute off"",""audio mute (toggle)""]",1,7,"[""35 comandos compartilham prefixo textual"",""conjunto muito grande: 455 sinais"",""nenhum modelo confiável"",""sequências numeradas por intenção: smart select (5), hdmi in (4), audyssey multeq: mode (4)""]",,
_Converted_/Power_off.ir,device_family,malformed,,Unknown,,3870,"[""POWER"",""POWER"",""POWER"",""POWER"",""POWER"",""POWER"",""POWER"",""POWER"",""POWER"",""POWER"",""POWER"",""POWER""]",8,573,"[""2 problema(s) de parsing""]",,
_Converted_/Pronto/A/AudioControl/Maestro_M4.ir,device_family,unknown,,AudioControl,Maestro_M4,111,"[""UnknownUnknown"",""Unknown"",""POWER_TOGGLE"",""POWER_ON"",""POWER_OFF"",""MUTE_TOGGLE"",""MUTE_ON"",""MUTE_OFF"",""VOL+"",""VOL-"",""MENU"",""DISPLAY_BRIGHTNESS""]",0,0,"[""identidade ou evidência técnica insuficiente para classe mais específica""]",,
_Converted_/Pronto/A/Audio_Request/AUDIO_REQUEST.ir,device_family,unknown,,Audio_Request,,113,"[""MODE"",""MENU"",""POWER"",""1"",""2"",""3"",""4"",""5"",""6"",""7"",""8"",""9""]",0,0,"[""identidade ou evidência técnica insuficiente para classe mais específica""]",,
_Converted_/Pronto/C/CaVS/CaVS_Karaoke.ir,specific_device,mixed_collection,,CaVS,,49,"[""POWER"",""open/close"",""MUTE"",""up"",""down"",""left"",""right"",""select"",""Vol_+"",""Vol_-"",""+"",""-""]",0,0,"[""grupos fortes incompatíveis sem categoria resolvida: climate+media""]",,
_Converted_/Pronto/C/Comcast/Comcast_DVR_-_Universal.ir,specific_device,universal_remote,,Comcast,,48,"[""0"",""1"",""2"",""3"",""4"",""5"",""6"",""7"",""8"",""9"",""CH-"",""CH+""]",0,0,"[""indicador explícito de universalidade: universal"",""nenhum modelo específico"",""volume/diversidade reforça o indicador universal""]",,
_Converted_/Pronto/D/Denon/11_Series.ir,device_family,brute_force,,Denon,11_Series,139,"[""UnknownUnknown"",""Unknown"",""Unknown"",""POWER_ON"",""POWER_OFF"",""USB/iPOD"",""DVD"",""BD"",""TUNER/DTU"",""DOCK"",""SIRIUS"",""SAT/CBL""]",0,0,"[""12 comandos compartilham prefixo textual"",""conjunto muito grande: 139 sinais"",""sequências numeradas por intenção: preset (8), sirius_ch_inp (10)""]",,
_Converted_/Pronto/D/Denon/AVR-1612.ir,device_family,device_family,receiver,Denon,AVR-1612,170,"[""UnknownUnknown"",""Unknown"",""Unknown"",""POWER_ON"",""POWER_OFF"",""BD"",""SAT/CBL"",""TV"",""NET/USB"",""DVD"",""V_AUX"",""DOCK""]",0,0,"[""dados técnicos insuficientes"",""modelo provável, mas confiança limitada a 0.72""]",,
_Converted_/Pronto/D/Denon/AVR-1912.ir,device_family,device_family,receiver,Denon,AVR-1912,170,"[""UnknownUnknown"",""Unknown"",""Unknown"",""POWER_ON"",""POWER_OFF"",""BD"",""SAT/CBL"",""TV"",""NET/USB"",""DVD"",""V_AUX"",""DOCK""]",0,0,"[""dados técnicos insuficientes"",""modelo provável, mas confiança limitada a 0.72""]",,
_Converted_/Pronto/D/Denon/AVR-2112CI.ir,device_family,device_family,receiver,Denon,AVR-2112CI,216,"[""UnknownUnknown"",""Unknown"",""°"",""POWER_ON"",""POWER_OFF"",""BD"",""SAT/CBL"",""TV"",""NET/USB"",""DVD"",""V_AUX"",""DOCK""]",0,0,"[""dados técnicos insuficientes"",""modelo provável, mas confiança limitada a 0.72""]",,
_Converted_/Pronto/D/Denon/AVR-3312CI.ir,device_family,device_family,receiver,Denon,AVR-3312CI,216,"[""CSP-LIR-USB"",""Unknown"",""°"",""POWER_ON"",""POWER_OFF"",""BD"",""SAT/CBL"",""TV"",""NET/USB"",""DVD"",""V_AUX"",""DOCK""]",0,0,"[""dados técnicos insuficientes"",""modelo provável, mas confiança limitada a 0.72""]",,
_Converted_/Pronto/D/Denon/AVR-4311CI.ir,device_family,device_family,receiver,Denon,AVR-4311CI,139,"[""UnknownUnknown"",""Unknown"",""Unknown"",""POWER_ON"",""POWER_OFF"",""USB/iPOD"",""DVD"",""BD"",""TUNER/DTU"",""DOCK"",""SIRIUS"",""SAT/CBL""]",0,0,"[""dados técnicos insuficientes"",""modelo provável, mas confiança limitada a 0.72""]",,
_Converted_/Pronto/D/Denon/AVR_Series.ir,device_family,device_family,receiver,Denon,,133,"[""0"",""1"",""2"",""3"",""4"",""5"",""6"",""7"",""8"",""9"",""A"",""B""]",0,0,"[""dados técnicos insuficientes"",""marca e categoria conhecidas, sem modelo específico confiável""]",,
_Converted_/Pronto/G/GETNER/VIEWLINK_RCS.ir,device_family,brute_force,,GETNER,,133,"[""TOP-GREEN"",""DIAL/HANGUP"",""POWER"",""WEB"",""VOL+"",""VOL-"",""MUTE"",""ZM+"",""ZM-"",""SEND"",""1"",""2""]",0,0,"[""12 comandos compartilham prefixo textual"",""conjunto muito grande: 133 sinais"",""nenhum modelo confiável"",""sequências numeradas por intenção: key (10)""]",,
_Converted_/Pronto/I/Integra/DTR-30.2.ir,device_family,brute_force,,Integra,DTR-30.2,211,"[""UnknownUnknown"",""Unknown"",""°"",""STANDBY"",""POWER_ON"",""POWER"",""MUTE_OFF"",""MUTE_ON"",""MUTE"",""SPEAKER_LAYOUT"",""VOL+"",""VOL-""]",0,0,"[""12 comandos compartilham prefixo textual"",""conjunto muito grande: 211 sinais"",""sequências numeradas por intenção: zone2 (9), preset (6)""]",,
_Converted_/Pronto/I/Integra/DTR_.2_series.ir,device_family,brute_force,,Integra,DTR_.2_series,211,"[""UnknownUnknown"",""Unknown"",""°"",""STANDBY"",""POWER_ON"",""POWER"",""MUTE_OFF"",""MUTE_ON"",""MUTE"",""SPEAKER_LAYOUT"",""VOL+"",""VOL-""]",0,0,"[""12 comandos compartilham prefixo textual"",""conjunto muito grande: 211 sinais"",""sequências numeradas por intenção: zone2 (9), preset (6)""]",,
_Converted_/Pronto/K/Kenwood/DV-5900M_1.ir,device_family,unknown,,Kenwood,DV-5900M_1,120,"[""POWER"",""ALL_DATA"",""DISC_FLIP"",""DISPLAY"",""ON_SCREEN"",""TOP_MENU"",""MENU"",""+10"",""+100"",""DISC_SEL"",""DISC_DOWN"",""DISC_UP""]",0,0,"[""identidade ou evidência técnica insuficiente para classe mais específica""]",,
_Converted_/Pronto/K/Kenwood/KCX1_SURROUND_SOUND_PROCESSOR_-_UNIVERSAL.ir,specific_device,universal_remote,,Kenwood,KCX1_SURROUND_SOUND_PROCESSOR_-_UNIVERSAL,56,"[""POWER"",""VOL+"",""VOL-"",""TUNE+"",""TUNE-"",""PRES_LVL_UP"",""PRES_LVL_DN"",""DELAY_UP"",""DELAY_DN"",""THX"",""DOLBY_PRO"",""DOLBY_3""]",0,0,"[""4 comandos numerados reforçam a estrutura universal"",""indicador explícito de universalidade: universal"",""volume/diversidade reforça o indicador universal""]",,
_Converted_/Pronto/M/Marantz/NR_Series.ir,device_family,brute_force,,Marantz,,220,"[""UnknownUnknown"",""Unknown"",""°"",""POWER_OFF"",""POWER"",""POWER_ON"",""SYSTEM_POWER_OFF"",""INPUT_NEXT"",""INPUT_BACK"",""TUNER"",""BD_(C0DE_1)"",""BD_(CODE_2)""]",1,2,"[""26 comandos compartilham prefixo textual"",""conjunto muito grande: 220 sinais"",""nenhum modelo confiável"",""sequências numeradas por intenção: usb/ipod_preset (8), network_dmp (8), preset (5)""]",,
_Converted_/Pronto/M/Marantz/SR7005.ir,device_family,brute_force,,Marantz,SR7005,220,"[""UnknownUnknown"",""Unknown"",""°"",""POWER_OFF"",""POWER"",""POWER_ON"",""SYSTEM_POWER_OFF"",""INPUT_NEXT"",""INPUT_BACK"",""TUNER"",""BD_(C0DE_1)"",""BD_(CODE_2)""]",1,2,"[""26 comandos compartilham prefixo textual"",""conjunto muito grande: 220 sinais"",""sequências numeradas por intenção: usb/ipod_preset (8), network_dmp (8), preset (5)""]",,
_Converted_/Pronto/M/Marantz/SR_Series_1.ir,device_family,brute_force,,Marantz,SR_Series_1,220,"[""UnknownUnknown"",""Unknown"",""°"",""POWER_OFF"",""POWER"",""POWER_ON"",""SYSTEM_POWER_OFF"",""INPUT_NEXT"",""INPUT_BACK"",""TUNER"",""BD_(C0DE_1)"",""BD_(CODE_2)""]",1,2,"[""26 comandos compartilham prefixo textual"",""conjunto muito grande: 220 sinais"",""sequências numeradas por intenção: usb/ipod_preset (8), network_dmp (8), preset (5)""]",,
_Converted_/Pronto/O/Onkyo/TX-NR1009.ir,device_family,brute_force,,Onkyo,TX-NR1009,212,"[""CSP-LIR-USB"",""Unknown"",""°"",""POWER"",""STANDBY"",""DISPLAY"",""DVD/BD"",""VCR/DVR"",""CBL/SAT"",""GAME"",""TUNER"",""TV/TAPE""]",0,0,"[""12 comandos compartilham prefixo textual"",""conjunto muito grande: 212 sinais"",""sequências numeradas por intenção: net_tune (10)""]",,
_Converted_/Pronto/O/Onkyo/TX-NR3009.ir,device_family,brute_force,,Onkyo,TX-NR3009,211,"[""UnknownUnknown"",""Unknown"",""°"",""POWER"",""STANDBY"",""DISPLAY"",""DVD/BD"",""VCR/DVR"",""CBL/SAT"",""GAME"",""TUNER"",""TV/TAPE""]",0,0,"[""12 comandos compartilham prefixo textual"",""conjunto muito grande: 211 sinais"",""sequências numeradas por intenção: net_tune (10), keypad (7)""]",,
_Converted_/Pronto/O/Onkyo/TX-NR609.ir,device_family,brute_force,,Onkyo,TX-NR609,211,"[""UnknownUnknown"",""Unknown"",""°"",""POWER"",""STANDBY"",""DISPLAY"",""DVD/BD"",""VCR/DVR"",""CBL/SAT"",""GAME"",""TUNER"",""TV/TAPE""]",0,0,"[""12 comandos compartilham prefixo textual"",""conjunto muito grande: 211 sinais"",""sequências numeradas por intenção: net_tune (10), keypad (7)""]",,
_Converted_/Pronto/O/Onkyo/TX-NR809.ir,device_family,brute_force,,Onkyo,TX-NR809,211,"[""UnknownUnknown"",""Unknown"",""°"",""POWER"",""STANDBY"",""DISPLAY"",""DVD/BD"",""VCR/DVR"",""CBL/SAT"",""GAME"",""TUNER"",""TV/TAPE""]",0,0,"[""12 comandos compartilham prefixo textual"",""conjunto muito grande: 211 sinais"",""sequências numeradas por intenção: net_tune (10), keypad (7)""]",,
_Converted_/Pronto/O/Onkyo/TX-NR_Series.ir,device_family,brute_force,,Onkyo,,212,"[""UnknownUnknown"",""Unknown"",""°"",""POWER"",""STANDBY"",""DISPLAY"",""DVD/BD"",""VCR/DVR"",""CBL/SAT"",""GAME"",""TUNER"",""TV/TAPE""]",0,0,"[""12 comandos compartilham prefixo textual"",""conjunto muito grande: 212 sinais"",""nenhum modelo confiável"",""sequências numeradas por intenção: net_tune (10)""]",,
_Converted_/Pronto/O/Onkyo/TX_NR709.ir,device_family,brute_force,,Onkyo,TX_NR709,212,"[""CSP-LIR-USB"",""Unknown"",""°"",""POWER"",""STANDBY"",""DISPLAY"",""DVD/BD"",""VCR/DVR"",""CBL/SAT"",""GAME"",""TUNER"",""TV/TAPE""]",0,0,"[""12 comandos compartilham prefixo textual"",""conjunto muito grande: 212 sinais"",""sequências numeradas por intenção: net_tune (10)""]",,
_Converted_/Pronto/P/Pioneer/SC-55.ir,device_family,brute_force,,Pioneer,SC-55,220,"[""UnknownUnknown"",""Unknown"",""°"",""POWER_ON"",""POWER_OFF"",""POWER"",""BD"",""DVD"",""DVR/BDR"",""HDMI"",""TV/SAT"",""CD""]",0,0,"[""12 comandos compartilham prefixo textual"",""conjunto muito grande: 220 sinais"",""sequências numeradas por intenção: hdmi (6), preset (10), sirius_preset (10)""]",,
_Converted_/Pronto/P/Pioneer/SC-57.ir,device_family,brute_force,,Pioneer,SC-57,220,"[""UnknownUnknown"",""Unknown"",""°"",""POWER_ON"",""POWER_OFF"",""POWER"",""BD"",""DVD"",""DVR/BDR"",""HDMI"",""TV/SAT"",""CD""]",0,0,"[""12 comandos compartilham prefixo textual"",""conjunto muito grande: 220 sinais"",""sequências numeradas por intenção: hdmi (6), preset (10), sirius_preset (10)""]",,
_Converted_/Pronto/P/Pioneer/SC_Series.ir,device_family,brute_force,,Pioneer,,220,"[""UnknownUnknown"",""Unknown"",""°"",""POWER_ON"",""POWER_OFF"",""POWER"",""BD"",""DVD"",""DVR/BDR"",""HDMI"",""TV/SAT"",""CD""]",0,0,"[""12 comandos compartilham prefixo textual"",""conjunto muito grande: 220 sinais"",""nenhum modelo confiável"",""sequências numeradas por intenção: hdmi (6), preset (10), sirius_preset (10)""]",,
_Converted_/Pronto/P/Pioneer/VSX-1019AH-VSX-919AH-VSX-819H-VSX-519V.ir,device_family,unknown,,Pioneer,VSX-1019AH-VSX-919AH-VSX-819H-VSX-519V,118,"[""POWER"",""POWER_OFF"",""POWER_ON"",""UP_ARROW"",""DN_ARROW"",""LEFT_ARROW"",""RIGHT_ARROW"",""ENTER"",""SIRIUS_CURSOR_UP"",""SIRIUS_CURSOR_DOWN"",""SIRIUS_CURSOR_LEFT"",""SIRIUS_CURSOR_RIGHT""]",0,0,"[""identidade ou evidência técnica insuficiente para classe mais específica""]",,
_Converted_/Pronto/P/Pioneer/VSX-51.ir,device_family,brute_force,,Pioneer,VSX-51,220,"[""UnknownUnknown"",""Unknown"",""°"",""POWER_ON"",""POWER_OFF"",""POWER"",""BD"",""DVD"",""DVR/BDR"",""HDMI"",""TV/SAT"",""CD""]",0,0,"[""12 comandos compartilham prefixo textual"",""conjunto muito grande: 220 sinais"",""sequências numeradas por intenção: hdmi (6), preset (10), sirius_preset (10)""]",,
_Converted_/Pronto/P/Pioneer/VSX-52.ir,device_family,brute_force,,Pioneer,VSX-52,220,"[""CSP-LIR-USB"",""Unknown"",""°"",""POWER"",""BD"",""DVD"",""DVR/BDR"",""HDMI"",""TV/SAT"",""CD"",""HMG"",""ADAPTER_PORT""]",0,0,"[""conjunto muito grande: 220 sinais"",""sequências numeradas por intenção: hdmi (6), preset (8), sirius (10)""]",,
_Converted_/Pronto/P/Pioneer/VSX_Series.ir,device_family,brute_force,,Pioneer,,219,"[""UnknownUnknown"",""Unknown"",""°"",""POWER_ON"",""POWER_OFF"",""POWER"",""BD"",""DVD"",""DVR/BDR"",""HDMI"",""TV/SAT"",""CD""]",0,0,"[""conjunto muito grande: 219 sinais"",""nenhum modelo confiável"",""sequências numeradas por intenção: hdmi (6), preset (8), sirius (10)""]",,
_Converted_/Pronto/P/Primare/MISC_C31_CODE_SET_2.ir,specific_device,universal_remote,other,Primare,MISC_C31_CODE_SET_2,18,"[""STANDBY"",""DIM"",""UP"",""LEFT"",""SELECT"",""RIGHT"",""DOWN"",""MENU"",""BAL/SETUP"",""AUDIO"",""REC/ST"",""STOP""]",0,0,"[""indicador explícito de universalidade: code set"",""modelo plausível exige revisão do marcador universal""]",,
_Converted_/Pronto/R/RCA/UNIVERSAL.ir,specific_device,universal_remote,,RCA,,41,"[""POWER"",""PLAY"",""STOP"",""PAUSE"",""REW"",""FFWD"",""1"",""2"",""3"",""4"",""5"",""6""]",0,0,"[""indicador explícito de universalidade: universal"",""nenhum modelo específico"",""volume/diversidade reforça o indicador universal""]",,
_Converted_/Pronto/R/RCA/UNIVERSAL_-_DSS_AUX.ir,specific_device,universal_remote,,RCA,,52,"[""POWER"",""DISPLAY"",""SEARCH"",""CH+"",""CH-"",""PREV_CH"",""CLEAR"",""MENU"",""UP"",""DOWN"",""RIGHT"",""LEFT""]",0,0,"[""10 comandos numerados reforçam a estrutura universal"",""indicador explícito de universalidade: universal"",""nenhum modelo específico"",""volume/diversidade reforça o indicador universal""]",,
_Converted_/Pronto/R/RFT/GEN_SAT_1.ir,specific_device,malformed,,RFT,GEN_SAT_1,14,"[""POWER_O"",""POWER_E"",""CH1_O"",""CH1_E"",""CH2_O"",""CH2_E"",""CH3_O"",""CH3_E"",""CH4_O"",""CH4_E"",""CH5_O"",""CH5_E""]",0,0,"[""2 problema(s) de parsing""]",,
_Converted_/Pronto/R/RFT/GEN_TV.ir,specific_device,malformed,,RFT,,11,"[""POWER_O"",""POWER_E"",""FOTO_O"",""FOTO_E"",""ZOOM_O"",""ZOOM_E"",""?_O"",""?_E"",""AZUL_O"",""AZUL_E"",""CH1_O""]",0,0,"[""1 problema(s) de parsing""]",,
_Converted_/Pronto/R/ReQuest_Multimedia/ARQ_PRO-ZONE_CODE_SET_1.ir,device_family,universal_remote,,ReQuest_Multimedia,ARQ_PRO-ZONE_CODE_SET_1,128,"[""MODE"",""MENU"",""POWER"",""1"",""2"",""3"",""4"",""5"",""6"",""7"",""8"",""9""]",0,0,"[""10 comandos numerados reforçam a estrutura universal"",""indicador explícito de universalidade: code set"",""volume/diversidade reforça o indicador universal""]",,
_Converted_/Pronto/R/ReQuest_Multimedia/ARQ_PRO-ZONE_CODE_SET_2.ir,specific_device,universal_remote,,ReQuest_Multimedia,ARQ_PRO-ZONE_CODE_SET_2,41,"[""CAP-A"",""CAP-B"",""CAP-C"",""CAP-D"",""CAP-E"",""CAP-F"",""CAP-G"",""CAP-H"",""CAP-I"",""CAP-J"",""CAP-K"",""CAP-L""]",0,0,"[""indicador explícito de universalidade: code set"",""volume/diversidade reforça o indicador universal""]",,
_Converted_/Pronto/S/Samsung/Universal_Discrete.ir,specific_device,universal_remote,,Samsung,,48,"[""POWER_TOGGLE"",""POWER_OFF"",""POWER_ON"",""SOURCE"",""1"",""2"",""3"",""4"",""5"",""6"",""7"",""8""]",0,0,"[""indicador explícito de universalidade: universal"",""nenhum modelo específico"",""volume/diversidade reforça o indicador universal""]",,
_Converted_/Pronto/S/Sony/RDR-VX530.ir,specific_device,malformed,,Sony,RDR-VX530,59,"[""0"",""1"",""2"",""3"",""4"",""5"",""6"",""7"",""8"",""9"",""advance"",""angle""]",0,0,"[""1 problema(s) de parsing""]",,
_Converted_/Pronto/S/Sony/STR-DA1800ES.ir,device_family,brute_force,,Sony,STR-DA1800ES,167,"[""UnknownUnknown"",""Unknown"",""Unknown"",""POWER_ON"",""POWER_OFF"",""POWER"",""VOL+"",""VOL-"",""MUTE"",""BD"",""DVD"",""GAME""]",0,0,"[""12 comandos compartilham prefixo textual"",""conjunto muito grande: 167 sinais"",""sequências numeradas por intenção: preset (10), hdmi (4)""]",,
_Converted_/Pronto/S/Sony/STR-DA4600ES.ir,device_family,brute_force,,Sony,STR-DA4600ES,208,"[""UnknownUnknown"",""Unknown"",""°"",""POWER"",""POWER_ON"",""POWER_OFF"",""BD/DVD"",""GAME"",""SAT/CATV"",""VIDEO_1"",""VIDEO_2"",""TV""]",0,0,"[""conjunto muito grande: 208 sinais"",""sequências numeradas por intenção: dmport (10), preset (7)""]",,
_Converted_/Pronto/S/Sony/STR-DA5700ES.ir,device_family,brute_force,,Sony,STR-DA5700ES,208,"[""UnknownUnknown"",""Unknown"",""°"",""POWER"",""POWER_ON"",""POWER_OFF"",""BD/DVD"",""GAME"",""SAT/CATV"",""VIDEO_1"",""VIDEO_2"",""TV""]",0,0,"[""conjunto muito grande: 208 sinais"",""sequências numeradas por intenção: dmport (10), preset (7)""]",,
_Converted_/Pronto/S/Sony/STR-DA5ES_4.ir,device_family,unknown,,Sony,STR-DA5ES_4,112,"[""AV-POWER"",""POWER"",""SUB"",""PAUSE"",""STOP"",""R_TRK"",""F_TRK"",""REW"",""FFWD"",""CH-"",""CH+"",""6_1_CH_DECODING""]",0,0,"[""identidade ou evidência técnica insuficiente para classe mais específica""]",,
_Converted_/Pronto/S/Sony/STR-DAx400ES.ir,device_family,brute_force,,Sony,STR-DAx400ES,133,"[""Unknown"",""AUX1"",""CD/SACD"",""TUNE-/REW"",""TUNE+/FF"",""HDMI1"",""HDMI2"",""HDMI3"",""HDMI4"",""AM"",""FM"",""PHONO""]",0,0,"[""12 comandos compartilham prefixo textual"",""conjunto muito grande: 133 sinais"",""sequências numeradas por intenção: hdmi (6), video (3)""]",,
_Converted_/Pronto/S/Sony/STR-DE945.ir,device_family,unknown,,Sony,STR-DE945,129,"[""AV-POWER"",""POWER"",""VIDEO-1"",""VIDEO-2"",""VIDEO-3"",""DVD/LD"",""TV/SAT"",""TAPE"",""MD/SAT"",""CD"",""TUNER"",""PHONO""]",0,0,"[""identidade ou evidência técnica insuficiente para classe mais específica""]",,
_Converted_/Pronto/S/Sony/STR-DH520.ir,device_family,brute_force,,Sony,STR-DH520,208,"[""UnknownUnknown"",""Unknown"",""°"",""POWER"",""POWER_ON"",""POWER_OFF"",""BD/DVD"",""GAME"",""SAT/CATV"",""VIDEO_1"",""VIDEO_2"",""TV""]",0,0,"[""conjunto muito grande: 208 sinais"",""sequências numeradas por intenção: dmport (10), preset (7)""]",,
_Converted_/Pronto/S/Sony/STR-DH720.ir,device_family,brute_force,,Sony,STR-DH720,208,"[""UnknownUnknown"",""Unknown"",""°"",""POWER"",""POWER_ON"",""POWER_OFF"",""BD/DVD"",""GAME"",""SAT/CATV"",""VIDEO_1"",""VIDEO_2"",""TV""]",0,0,"[""conjunto muito grande: 208 sinais"",""sequências numeradas por intenção: dmport (10), preset (7)""]",,
_Converted_/Pronto/S/Sony/STR-DH820.ir,device_family,brute_force,,Sony,STR-DH820,208,"[""UnknownUnknown"",""Unknown"",""°"",""POWER"",""POWER_ON"",""POWER_OFF"",""BD/DVD"",""GAME"",""SAT/CATV"",""VIDEO_1"",""VIDEO_2"",""TV""]",0,0,"[""conjunto muito grande: 208 sinais"",""sequências numeradas por intenção: dmport (10), preset (7)""]",,
_Converted_/Pronto/S/Sony/STR-DH_Series.ir,device_family,brute_force,,Sony,,208,"[""UnknownUnknown"",""Unknown"",""°"",""POWER_ON"",""POWER_OFF"",""POWER"",""BD/DVD"",""GAME"",""SAT/CATV"",""VIDEO_1"",""VIDEO_2"",""TV""]",0,0,"[""conjunto muito grande: 208 sinais"",""nenhum modelo confiável"",""sequências numeradas por intenção: dmport (10), preset (7)""]",,
_Converted_/Pronto/S/Sony/STR-DN1020.ir,device_family,brute_force,,Sony,STR-DN1020,208,"[""UnknownUnknown"",""Unknown"",""°"",""POWER"",""POWER_ON"",""POWER_OFF"",""BD/DVD"",""GAME"",""SAT/CATV"",""VIDEO_1"",""VIDEO_2"",""TV""]",0,0,"[""conjunto muito grande: 208 sinais"",""sequências numeradas por intenção: dmport (10), preset (7)""]",,
_Converted_/Pronto/S/Sony/TV_GENERIC_DRIVER_1.ir,device_family,unknown,,Sony,TV_GENERIC_DRIVER_1,128,"[""1"",""2"",""3"",""4"",""5"",""6"",""7"",""8"",""9"",""0"",""CH-11/1"",""CH-12/CH/ENTER/#""]",0,0,"[""identidade ou evidência técnica insuficiente para classe mais específica""]",,
_Converted_/Pronto/T/Technics/RECEIVER.ir,specific_device,device_family,receiver,Technics,,79,"[""POWER"",""TV"",""VCR"",""TUNER"",""CD"",""VCR1"",""VCR2"",""ACR_MONITOR"",""PRO_LOGIC"",""CNTR+"",""CNTR-"",""SURR+""]",0,0,"[""dados técnicos insuficientes"",""marca e categoria conhecidas, sem modelo específico confiável""]",,
_Converted_/Pronto/U/Universal_Electronics/Cox_Universal_Remote_Control.ir,device_family,universal_remote,,Universal_Electronics,,92,"[""AUX_POWER"",""AUX_REW"",""AUX_PLAY"",""AUX_FFWD"",""AUX_PAUSE"",""AUX_STOP"",""AUX_VOL_UP"",""AUX_CHAN_UP"",""AUX_VOL_DN"",""AUX_CHAN_DN"",""AUX_MUTE"",""AUX_1""]",0,0,"[""20 comandos numerados reforçam a estrutura universal"",""indicador explícito de universalidade: universal, universal remote"",""nenhum modelo específico"",""volume/diversidade reforça o indicador universal""]",,
_Converted_/Pronto/Y/Yamaha/RX-A1010.ir,device_family,brute_force,,Yamaha,RX-A1010,172,"[""UnknownUnknown"",""Unknown"",""Unknown"",""POWER_ON"",""POWER_OFF"",""POWER"",""MUTE"",""VOL+"",""VOL-"",""AV_1"",""AV_2"",""AV_3""]",0,0,"[""conjunto muito grande: 172 sinais"",""sequências numeradas por intenção: av (7), audio (4), scene (4)""]",,
_Converted_/Pronto/Y/Yamaha/RX-A3000.ir,device_family,brute_force,,Yamaha,RX-A3000,172,"[""UnknownUnknown"",""Unknown"",""Unknown"",""POWER"",""POWER_ON"",""POWER_OFF"",""MUTE"",""VOL+"",""VOL-"",""AV_1"",""AV_2"",""AV_3""]",0,0,"[""conjunto muito grande: 172 sinais"",""sequências numeradas por intenção: av (7), audio (4), scene (4)""]",,
_Converted_/Pronto/Y/Yamaha/RX-A3010.ir,device_family,brute_force,,Yamaha,RX-A3010,172,"[""UnknownUnknown"",""Unknown"",""Unknown"",""POWER"",""POWER_ON"",""POWER_OFF"",""MUTE"",""VOL+"",""VOL-"",""AV_1"",""AV_2"",""AV_3""]",0,0,"[""conjunto muito grande: 172 sinais"",""sequências numeradas por intenção: av (7), audio (4), scene (4)""]",,
_Converted_/Pronto/Y/Yamaha/RX-A710.ir,device_family,brute_force,,Yamaha,RX-A710,172,"[""UnknownUnknown"",""Unknown"",""Unknown"",""POWER_ON"",""POWER_OFF"",""POWER"",""MUTE"",""VOL+"",""VOL-"",""AV_1"",""AV_2"",""AV_3""]",0,0,"[""conjunto muito grande: 172 sinais"",""sequências numeradas por intenção: av (7), audio (4), scene (4)""]",,
_Converted_/Pronto/Y/Yamaha/RX-A810.ir,device_family,brute_force,,Yamaha,RX-A810,172,"[""UnknownUnknown"",""Unknown"",""Unknown"",""POWER_ON"",""POWER_OFF"",""POWER"",""MUTE"",""VOL+"",""VOL-"",""AV_1"",""AV_2"",""AV_3""]",0,0,"[""conjunto muito grande: 172 sinais"",""sequências numeradas por intenção: av (7), audio (4), scene (4)""]",,
_Converted_/Pronto/Y/Yamaha/RX-V671.ir,device_family,brute_force,,Yamaha,RX-V671,179,"[""UnknownUnknown"",""Unknown"",""°"",""POWER_ON"",""POWER_OFF"",""POWER"",""MUTE"",""VOL+"",""VOL-"",""HDMI_1"",""HDMI_2"",""HDMI_3""]",0,0,"[""12 comandos compartilham prefixo textual"",""conjunto muito grande: 179 sinais"",""sequências numeradas por intenção: hdmi (7), av (7), audio (4)""]",,
_Converted_/Pronto/Y/Yamaha/RX-V871.ir,device_family,brute_force,,Yamaha,RX-V871,179,"[""UnknownUnknown"",""Unknown"",""°"",""POWER_ON"",""POWER_OFF"",""POWER"",""MUTE"",""VOL+"",""VOL-"",""HDMI_1"",""HDMI_2"",""HDMI_3""]",0,0,"[""12 comandos compartilham prefixo textual"",""conjunto muito grande: 179 sinais"",""sequências numeradas por intenção: hdmi (7), av (7), audio (4)""]",,
_Converted_/Pronto/Y/Yamaha/RX-V_Series.ir,device_family,brute_force,,Yamaha,,179,"[""UnknownUnknown"",""Unknown"",""°"",""POWER_ON"",""POWER_OFF"",""POWER"",""MUTE"",""VOL+"",""VOL-"",""HDMI_1"",""HDMI_2"",""HDMI_3""]",0,0,"[""12 comandos compartilham prefixo textual"",""conjunto muito grande: 179 sinais"",""nenhum modelo confiável"",""sequências numeradas por intenção: hdmi (7), av (7), audio (4)""]",,
